order_id,customer_id,amount,currency,completed_at
1,5012,189.26,USD,2026-08-01 03:01:00
2,9935,188.07,USD,2026-08-01 07:08:00
3,1488,114.15,USD,2026-08-01 02:37:00
4,1434,69.68,USD,2026-08-01 02:13:00
5,9928,183.26,USD,2026-08-01 17:12:00
6,5557,120.56,USD,2026-08-01 13:14:00
7,7924,204.37,USD,2026-08-01 00:48:00
8,6514,51.54,USD,2026-08-01 10:17:00
9,6881,104.28,USD,2026-08-01 03:05:00
10,1711,77.16,USD,2026-08-01 11:38:00
11,7201,141.01,USD,2026-08-01 23:29:00
12,6925,83.9,USD,2026-08-01 02:35:00
13,1750,180.57,USD,2026-08-01 18:12:00
14,2307,196.67,USD,2026-08-01 21:14:00
15,5554,38.74,USD,2026-08-01 07:55:00
16,3664,211.02,USD,2026-08-01 14:40:00
17,5374,64.23,USD,2026-08-01 11:22:00
18,2169,175.63,USD,2026-08-01 22:59:00
19,5010,55.22,USD,2026-08-01 19:40:00
20,4598,104.17,USD,2026-08-01 05:29:00
21,1916,213.07,USD,2026-08-01 21:20:00
22,6168,22.54,USD,2026-08-01 07:52:00
23,6155,30.55,USD,2026-08-01 12:17:00
24,8517,132.32,USD,2026-08-01 06:41:00
25,9830,47.81,USD,2026-08-01 04:16:00
26,7543,152.38,USD,2026-08-01 08:47:00
27,3266,249.37,USD,2026-08-01 11:14:00
28,1771,36.36,USD,2026-08-01 16:31:00
29,7916,162.45,USD,2026-08-01 03:09:00
30,8668,105.42,USD,2026-08-01 19:04:00
31,1188,243.2,USD,2026-08-01 16:16:00
32,9797,41.92,USD,2026-08-01 21:46:00
33,2827,165.63,USD,2026-08-01 08:49:00
34,1053,52.17,USD,2026-08-01 09:27:00
35,9201,184.12,USD,2026-08-01 23:56:00
36,5889,229.47,USD,2026-08-01 05:32:00
37,3504,158.11,USD,2026-08-01 20:32:00
38,9689,52.96,USD,2026-08-01 11:48:00
39,1319,91.18,USD,2026-08-01 00:38:00
40,6038,100.3,USD,2026-08-01 03:59:00
41,2290,71.6,USD,2026-08-01 07:03:00
42,2133,129.21,USD,2026-08-01 02:46:00
43,8787,44.55,USD,2026-08-01 17:49:00
44,7932,77.29,USD,2026-08-01 17:10:00
45,4295,141.73,USD,2026-08-01 06:59:00
46,7118,108.76,USD,2026-08-01 22:19:00
47,2982,136.63,USD,2026-08-01 14:57:00
48,1344,30.05,USD,2026-08-01 07:14:00
49,4608,69.08,USD,2026-08-01 18:35:00
50,1964,181.34,USD,2026-08-01 00:04:00
51,6413,227.77,USD,2026-08-01 07:04:00
52,8953,70.93,USD,2026-08-01 02:32:00
53,8744,46.09,USD,2026-08-01 06:34:00
54,7669,126.15,USD,2026-08-01 07:50:00
55,8062,37.78,USD,2026-08-01 06:06:00
56,1887,111.61,USD,2026-08-01 11:27:00
57,2612,246.28,USD,2026-08-01 21:41:00
58,2790,186.13,USD,2026-08-01 01:25:00
59,8350,59.7,USD,2026-08-01 07:12:00
60,8579,58.12,USD,2026-08-01 04:27:00
61,8260,231.97,USD,2026-08-01 07:55:00
62,9856,26.89,USD,2026-08-01 17:06:00
63,4872,232.7,USD,2026-08-01 00:05:00
64,4502,129.13,USD,2026-08-01 05:26:00
65,7209,28.78,USD,2026-08-01 12:57:00
66,8454,77.32,USD,2026-08-01 00:24:00
67,8973,178.7,USD,2026-08-01 09:27:00
68,1958,84.73,USD,2026-08-01 04:12:00
69,6138,142.42,USD,2026-08-01 18:47:00
70,9238,152.28,USD,2026-08-01 01:03:00
71,9320,28.37,USD,2026-08-01 16:10:00
72,2113,58.67,USD,2026-08-01 02:54:00
73,2964,70.27,USD,2026-08-01 21:55:00
74,1651,151.05,USD,2026-08-01 18:15:00
75,9565,113.52,USD,2026-08-01 19:05:00
76,6147,76.28,USD,2026-08-01 10:59:00
77,5915,108.01,USD,2026-08-01 07:16:00
78,2188,233.32,USD,2026-08-01 14:20:00
79,2638,160.97,USD,2026-08-01 00:29:00
80,5345,65.09,USD,2026-08-01 02:34:00
81,2127,97.02,USD,2026-08-01 04:59:00
82,8179,81.97,USD,2026-08-01 07:23:00
83,9666,86.09,USD,2026-08-01 17:45:00
84,5905,207.02,USD,2026-08-01 00:42:00
85,3200,235.65,USD,2026-08-01 21:06:00
86,3546,224.08,USD,2026-08-01 08:07:00
87,6617,157.14,USD,2026-08-01 08:18:00
88,5325,164.05,USD,2026-08-01 06:43:00
89,1832,74.01,USD,2026-08-01 16:31:00
90,5533,114.54,USD,2026-08-01 02:40:00
91,3143,93.39,USD,2026-08-01 01:00:00
92,8239,52.97,USD,2026-08-01 20:16:00
93,1158,115.51,USD,2026-08-01 17:45:00
94,3442,237.09,USD,2026-08-01 03:04:00
95,3426,211.13,USD,2026-08-01 17:02:00
96,6974,24.83,USD,2026-08-01 13:08:00
97,5088,99.09,USD,2026-08-01 01:57:00
98,7658,98.11,USD,2026-08-01 21:06:00
99,4878,51.32,USD,2026-08-01 19:47:00
100,7755,205.53,USD,2026-08-01 05:51:00
101,6442,188.09,USD,2026-08-01 00:11:00
102,5065,172.43,USD,2026-08-01 13:51:00
103,2771,200.03,USD,2026-08-01 08:10:00
104,8711,24.1,USD,2026-08-01 12:55:00
105,8541,206.9,USD,2026-08-01 07:12:00
106,4728,207.83,USD,2026-08-01 11:19:00
107,7528,170.11,USD,2026-08-01 07:01:00
108,5573,218.12,USD,2026-08-01 10:17:00
109,9785,134.71,USD,2026-08-01 11:41:00
110,5279,42.11,USD,2026-08-01 10:01:00
111,5349,241.2,USD,2026-08-01 05:37:00
112,6663,155.19,USD,2026-08-01 01:06:00
113,9379,88.71,USD,2026-08-01 23:50:00
114,4114,226.38,USD,2026-08-01 03:24:00
115,1027,181.56,USD,2026-08-01 08:02:00
116,4228,204.53,USD,2026-08-01 16:59:00
117,6409,31.44,USD,2026-08-01 11:27:00
118,3041,170.9,USD,2026-08-01 19:20:00
119,6067,85.58,USD,2026-08-01 23:57:00
120,5844,91.65,USD,2026-08-01 21:26:00
121,7211,60.08,USD,2026-08-01 17:08:00
122,5930,227.16,USD,2026-08-01 21:47:00
123,5978,210.93,USD,2026-08-01 12:35:00
124,6279,116.02,USD,2026-08-01 09:13:00
125,4501,118.91,USD,2026-08-01 14:28:00
126,3780,201.53,USD,2026-08-01 16:30:00
127,6491,81.69,USD,2026-08-01 21:05:00
128,4848,238.72,USD,2026-08-01 02:52:00
129,4262,67.79,USD,2026-08-01 21:19:00
130,8784,25.86,USD,2026-08-01 04:01:00
131,8461,195.59,USD,2026-08-01 19:54:00
132,4185,162.99,USD,2026-08-01 13:56:00
133,7547,105.23,USD,2026-08-01 22:44:00
134,1090,169.17,USD,2026-08-01 07:09:00
135,3881,114.91,USD,2026-08-01 03:49:00
136,5082,124.17,USD,2026-08-01 22:33:00
137,8612,46.33,USD,2026-08-01 03:29:00
138,6198,247.15,USD,2026-08-01 21:33:00
139,9270,206.53,USD,2026-08-01 14:39:00
140,8305,228.11,USD,2026-08-01 13:53:00
141,8373,217.45,USD,2026-08-01 05:47:00
142,5543,73.1,USD,2026-08-01 08:48:00
143,5499,162.29,USD,2026-08-01 16:31:00
144,4841,182.68,USD,2026-08-01 14:04:00
145,9849,90.13,USD,2026-08-01 08:21:00
146,7275,50.45,USD,2026-08-01 02:08:00
147,2052,181.01,USD,2026-08-01 22:09:00
148,8633,92.76,USD,2026-08-01 13:26:00
149,7883,63.61,USD,2026-08-01 13:03:00
150,1320,195.9,USD,2026-08-01 12:57:00
151,6763,127.09,USD,2026-08-01 18:24:00
152,7865,106.65,USD,2026-08-01 09:48:00
153,4613,187.64,USD,2026-08-01 17:47:00
154,8956,79.14,USD,2026-08-01 15:14:00
155,7624,93.99,USD,2026-08-01 00:24:00
156,3091,124.84,USD,2026-08-02 05:53:00
157,7455,21.34,USD,2026-08-02 19:34:00
158,2375,170.8,USD,2026-08-02 18:36:00
159,8564,46.89,USD,2026-08-02 20:27:00
160,6363,76.14,USD,2026-08-02 05:03:00
161,7211,91.81,USD,2026-08-02 06:29:00
162,7906,238.53,USD,2026-08-02 08:48:00
163,1317,34.25,USD,2026-08-02 08:53:00
164,6733,27.24,USD,2026-08-02 23:34:00
165,1659,31.13,USD,2026-08-02 07:41:00
166,1333,61.85,USD,2026-08-02 00:15:00
167,8758,71.06,USD,2026-08-02 19:09:00
168,4571,147.53,USD,2026-08-02 21:07:00
169,7043,75.22,USD,2026-08-02 14:44:00
170,2876,157.7,USD,2026-08-02 05:38:00
171,1420,40.4,USD,2026-08-02 05:19:00
172,7149,174.18,USD,2026-08-02 09:36:00
173,4978,61.61,USD,2026-08-02 12:45:00
174,2983,196.53,USD,2026-08-02 03:44:00
175,9728,24.65,USD,2026-08-02 18:50:00
176,9289,102.08,USD,2026-08-02 13:42:00
177,7882,17.97,USD,2026-08-02 20:21:00
178,6934,116.88,USD,2026-08-02 15:06:00
179,3506,209.75,USD,2026-08-02 20:57:00
180,5425,187.44,USD,2026-08-02 13:11:00
181,8921,231.11,USD,2026-08-02 19:51:00
182,5397,209.05,USD,2026-08-02 14:27:00
183,2419,72.69,USD,2026-08-02 10:54:00
184,8613,120.94,USD,2026-08-02 08:56:00
185,6511,172.02,USD,2026-08-02 18:39:00
186,3979,214.97,USD,2026-08-02 00:31:00
187,5232,98.38,USD,2026-08-02 15:13:00
188,5526,221.88,USD,2026-08-02 10:17:00
189,4130,136.41,USD,2026-08-02 17:00:00
190,9004,184.22,USD,2026-08-02 02:15:00
191,8800,71.48,USD,2026-08-02 17:48:00
192,1282,130.34,USD,2026-08-02 20:45:00
193,4986,67.08,USD,2026-08-02 02:18:00
194,8753,151.67,USD,2026-08-02 09:42:00
195,6419,95.78,USD,2026-08-02 17:33:00
196,6023,121.63,USD,2026-08-02 11:44:00
197,4155,43.35,USD,2026-08-02 08:14:00
198,4033,189.58,USD,2026-08-02 10:07:00
199,5530,188.57,USD,2026-08-02 06:13:00
200,9595,244.5,USD,2026-08-02 23:37:00
201,4180,245.42,USD,2026-08-02 19:18:00
202,5952,99.81,USD,2026-08-02 09:14:00
203,5494,140.52,USD,2026-08-02 00:45:00
204,3068,145.04,USD,2026-08-02 01:03:00
205,2680,191.91,USD,2026-08-02 20:55:00
206,8843,81.82,USD,2026-08-02 00:36:00
207,1841,58.33,USD,2026-08-02 14:21:00
208,2070,127.27,USD,2026-08-02 08:55:00
209,1878,32.41,USD,2026-08-02 12:31:00
210,5978,205.62,USD,2026-08-02 04:09:00
211,7818,42.84,USD,2026-08-02 02:15:00
212,4697,200.82,USD,2026-08-02 19:38:00
213,8253,120.87,USD,2026-08-02 16:24:00
214,8025,153.3,USD,2026-08-02 09:55:00
215,2625,160.94,USD,2026-08-02 09:36:00
216,2330,64.59,USD,2026-08-02 06:40:00
217,2229,55.85,USD,2026-08-02 05:15:00
218,8699,111.0,USD,2026-08-02 05:00:00
219,5632,69.4,USD,2026-08-02 09:02:00
220,4824,121.7,USD,2026-08-02 22:55:00
221,4241,200.94,USD,2026-08-02 08:50:00
222,3441,142.97,USD,2026-08-02 13:07:00
223,1977,48.43,USD,2026-08-02 08:52:00
224,5728,87.29,USD,2026-08-02 05:50:00
225,5982,125.14,USD,2026-08-02 14:07:00
226,9199,236.53,USD,2026-08-02 22:25:00
227,1653,117.87,USD,2026-08-02 17:31:00
228,5102,90.75,USD,2026-08-02 13:47:00
229,1339,68.8,USD,2026-08-02 00:05:00
230,1659,78.34,USD,2026-08-02 21:52:00
231,8245,136.96,USD,2026-08-02 05:30:00
232,8141,249.28,USD,2026-08-02 08:11:00
233,2494,130.56,USD,2026-08-02 20:52:00
234,6260,110.96,USD,2026-08-02 15:22:00
235,6403,216.57,USD,2026-08-02 21:06:00
236,7561,131.44,USD,2026-08-02 13:44:00
237,6153,121.88,USD,2026-08-02 17:02:00
238,7622,42.24,USD,2026-08-02 08:20:00
239,9889,247.21,USD,2026-08-02 16:52:00
240,9494,27.74,USD,2026-08-02 14:26:00
241,8242,192.76,USD,2026-08-02 11:39:00
242,3146,77.76,USD,2026-08-02 01:13:00
243,8941,222.0,USD,2026-08-02 09:28:00
244,4920,243.69,USD,2026-08-02 03:01:00
245,1224,88.03,USD,2026-08-02 22:10:00
246,2858,36.9,USD,2026-08-02 17:26:00
247,3522,167.21,USD,2026-08-02 14:07:00
248,9337,183.4,USD,2026-08-02 15:59:00
249,8905,112.64,USD,2026-08-02 22:17:00
250,3369,122.34,USD,2026-08-02 15:15:00
251,9327,231.64,USD,2026-08-02 12:12:00
252,2143,47.08,USD,2026-08-02 23:56:00
253,7798,200.65,USD,2026-08-02 08:49:00
254,5377,200.11,USD,2026-08-02 10:59:00
255,9022,185.62,USD,2026-08-02 00:18:00
256,6654,141.57,USD,2026-08-02 04:28:00
257,7180,194.28,USD,2026-08-02 10:35:00
258,4090,90.62,USD,2026-08-02 14:59:00
259,4826,149.37,USD,2026-08-02 22:15:00
260,8749,89.77,USD,2026-08-02 13:02:00
261,7325,205.68,USD,2026-08-02 22:58:00
262,3492,207.88,USD,2026-08-02 21:50:00
263,6439,44.67,USD,2026-08-02 15:02:00
264,2633,213.58,USD,2026-08-02 03:55:00
265,3361,122.38,USD,2026-08-02 16:58:00
266,3529,168.87,USD,2026-08-02 13:55:00
267,5342,198.66,USD,2026-08-02 02:30:00
268,2315,177.79,USD,2026-08-02 10:39:00
269,9742,173.47,USD,2026-08-02 10:54:00
270,8994,162.3,USD,2026-08-02 12:20:00
271,4846,160.1,USD,2026-08-02 17:02:00
272,4727,231.42,USD,2026-08-02 20:43:00
273,2612,116.98,USD,2026-08-02 23:05:00
274,8269,220.06,USD,2026-08-02 20:45:00
275,1474,85.37,USD,2026-08-02 05:44:00
276,5806,202.09,USD,2026-08-02 01:20:00
277,5000,116.21,USD,2026-08-02 11:23:00
278,3950,147.99,USD,2026-08-02 16:26:00
279,7267,33.56,USD,2026-08-02 05:11:00
280,3344,71.6,USD,2026-08-02 19:43:00
281,8529,164.91,USD,2026-08-02 07:29:00
282,8622,17.21,USD,2026-08-02 08:42:00
283,2210,143.45,USD,2026-08-02 09:43:00
284,5901,247.1,USD,2026-08-02 14:22:00
285,8484,177.22,USD,2026-08-02 20:27:00
286,8916,249.85,USD,2026-08-02 09:12:00
287,6881,104.62,USD,2026-08-02 03:15:00
288,5837,248.28,USD,2026-08-02 18:18:00
289,5497,169.68,USD,2026-08-02 00:53:00
290,1803,218.29,USD,2026-08-02 00:36:00
291,5689,131.73,USD,2026-08-02 19:47:00
292,4588,203.45,USD,2026-08-02 07:38:00
293,3240,160.91,USD,2026-08-02 20:12:00
294,1645,227.3,USD,2026-08-02 20:06:00
295,6977,118.59,USD,2026-08-02 09:50:00
296,5835,36.18,USD,2026-08-02 23:08:00
297,4289,112.64,USD,2026-08-02 10:47:00
298,6994,141.76,USD,2026-08-02 04:50:00
299,3695,229.67,USD,2026-08-02 16:32:00
300,8894,208.8,USD,2026-08-02 08:58:00
301,2886,219.54,USD,2026-08-02 09:47:00
302,4696,48.08,USD,2026-08-02 14:04:00
303,7511,173.49,USD,2026-08-02 21:46:00
304,7464,36.22,USD,2026-08-02 17:23:00
305,8451,141.09,USD,2026-08-02 00:16:00
306,5295,191.02,USD,2026-08-02 11:43:00
307,7086,208.27,USD,2026-08-02 18:24:00
308,1410,69.95,USD,2026-08-02 03:43:00
309,6374,236.64,USD,2026-08-02 19:56:00
310,8606,167.2,USD,2026-08-02 19:14:00
311,2911,167.57,USD,2026-08-02 22:19:00
312,5986,237.37,USD,2026-08-02 04:02:00
313,9807,37.84,USD,2026-08-02 15:07:00
314,9850,102.19,USD,2026-08-03 12:29:00
315,3531,189.43,USD,2026-08-03 13:37:00
316,9017,38.27,USD,2026-08-03 13:41:00
317,5583,235.68,USD,2026-08-03 19:26:00
318,8264,102.07,USD,2026-08-03 01:44:00
319,2627,216.03,USD,2026-08-03 14:15:00
320,6876,142.95,USD,2026-08-03 21:23:00
321,3001,79.83,USD,2026-08-03 01:25:00
322,1349,170.75,USD,2026-08-03 14:05:00
323,3063,93.37,USD,2026-08-03 01:50:00
324,4394,31.12,USD,2026-08-03 18:13:00
325,4817,206.07,USD,2026-08-03 18:13:00
326,1046,49.68,USD,2026-08-03 10:49:00
327,3129,246.25,USD,2026-08-03 08:54:00
328,2801,202.65,USD,2026-08-03 17:16:00
329,1243,21.06,USD,2026-08-03 21:55:00
330,6304,200.28,USD,2026-08-03 11:50:00
331,3076,77.36,USD,2026-08-03 00:11:00
332,2041,138.63,USD,2026-08-03 23:26:00
333,9408,197.83,USD,2026-08-03 15:28:00
334,4629,121.22,USD,2026-08-03 18:06:00
335,9543,185.9,USD,2026-08-03 19:02:00
336,1510,166.19,USD,2026-08-03 09:29:00
337,7984,214.12,USD,2026-08-03 01:30:00
338,8267,130.21,USD,2026-08-03 21:06:00
339,3430,33.99,USD,2026-08-03 02:57:00
340,9984,79.63,USD,2026-08-03 02:08:00
341,9692,104.51,USD,2026-08-03 22:20:00
342,8048,133.8,USD,2026-08-03 09:29:00
343,4522,179.92,USD,2026-08-03 03:50:00
344,7779,223.7,USD,2026-08-03 13:28:00
345,7815,121.57,USD,2026-08-03 10:52:00
346,6120,88.45,USD,2026-08-03 23:06:00
347,3500,102.96,USD,2026-08-03 21:16:00
348,2494,126.45,USD,2026-08-03 21:59:00
349,7105,116.49,USD,2026-08-03 02:05:00
350,6400,29.1,USD,2026-08-03 04:35:00
351,7929,111.54,USD,2026-08-03 21:07:00
352,6119,242.57,USD,2026-08-03 23:03:00
353,4485,150.81,USD,2026-08-03 11:06:00
354,2773,128.31,USD,2026-08-03 04:42:00
355,2882,145.72,USD,2026-08-03 11:54:00
356,8030,68.15,USD,2026-08-03 08:36:00
357,1430,207.33,USD,2026-08-03 17:49:00
358,5381,169.59,USD,2026-08-03 19:59:00
359,6062,79.22,USD,2026-08-03 00:11:00
360,3347,16.43,USD,2026-08-03 10:22:00
361,3324,109.18,USD,2026-08-03 18:42:00
362,2503,243.38,USD,2026-08-03 23:40:00
363,7878,65.56,USD,2026-08-03 23:33:00
364,6105,51.99,USD,2026-08-03 14:21:00
365,2391,197.56,USD,2026-08-03 23:20:00
366,1815,51.99,USD,2026-08-03 01:09:00
367,7947,78.94,USD,2026-08-03 21:05:00
368,5475,118.88,USD,2026-08-03 15:38:00
369,6655,135.4,USD,2026-08-03 06:48:00
370,8972,81.56,USD,2026-08-03 13:07:00
371,4612,87.48,USD,2026-08-03 16:42:00
372,4349,27.87,USD,2026-08-03 12:38:00
373,5186,195.33,USD,2026-08-03 09:13:00
374,9149,43.2,USD,2026-08-03 09:20:00
375,7229,56.29,USD,2026-08-03 23:27:00
376,6802,69.08,USD,2026-08-03 17:45:00
377,1693,217.51,USD,2026-08-03 02:25:00
378,2275,123.04,USD,2026-08-03 13:01:00
379,7626,115.88,USD,2026-08-03 10:36:00
380,2887,113.16,USD,2026-08-03 22:40:00
381,3815,242.06,USD,2026-08-03 12:01:00
382,6928,210.53,USD,2026-08-03 19:29:00
383,4986,213.45,USD,2026-08-03 02:27:00
384,2288,109.11,USD,2026-08-03 13:37:00
385,6562,87.91,USD,2026-08-03 12:55:00
386,2251,198.09,USD,2026-08-03 07:21:00
387,9355,41.8,USD,2026-08-03 16:40:00
388,6752,197.41,USD,2026-08-03 06:57:00
389,3419,166.68,USD,2026-08-03 23:52:00
390,4232,49.41,USD,2026-08-03 07:06:00
391,2234,50.92,USD,2026-08-03 05:38:00
392,8601,162.57,USD,2026-08-03 05:49:00
393,6295,151.18,USD,2026-08-03 18:48:00
394,2118,50.47,USD,2026-08-03 20:20:00
395,5500,163.38,USD,2026-08-03 15:28:00
396,2215,97.71,USD,2026-08-03 18:03:00
397,1932,121.2,USD,2026-08-03 09:29:00
398,2479,82.46,USD,2026-08-03 11:53:00
399,8581,134.16,USD,2026-08-03 19:38:00
400,1672,239.24,USD,2026-08-03 18:35:00
401,4084,205.31,USD,2026-08-03 14:58:00
402,3471,126.77,USD,2026-08-03 10:38:00
403,6626,39.32,USD,2026-08-03 01:28:00
404,3827,133.57,USD,2026-08-03 22:05:00
405,8199,181.29,USD,2026-08-03 01:15:00
406,6962,158.3,USD,2026-08-03 16:33:00
407,7697,81.48,USD,2026-08-03 11:58:00
408,6482,155.5,USD,2026-08-03 10:43:00
409,7333,37.21,USD,2026-08-03 02:21:00
410,3463,185.08,USD,2026-08-03 09:16:00
411,3317,151.94,USD,2026-08-03 10:05:00
412,7421,242.41,USD,2026-08-03 11:19:00
413,2388,181.58,USD,2026-08-03 04:38:00
414,6381,103.52,USD,2026-08-03 09:35:00
415,9624,180.17,USD,2026-08-03 04:42:00
416,9331,172.56,USD,2026-08-03 02:41:00
417,3953,100.21,USD,2026-08-03 11:01:00
418,8967,237.7,USD,2026-08-03 06:21:00
419,3538,249.99,USD,2026-08-03 06:14:00
420,2657,213.44,USD,2026-08-03 02:18:00
421,9626,141.85,USD,2026-08-03 16:49:00
422,3147,94.14,USD,2026-08-03 01:42:00
423,3962,51.25,USD,2026-08-03 19:24:00
424,3712,161.81,USD,2026-08-03 22:49:00
425,6968,25.27,USD,2026-08-03 23:28:00
426,8277,70.82,USD,2026-08-03 21:46:00
427,8355,191.81,USD,2026-08-03 19:18:00
428,8684,71.2,USD,2026-08-03 07:34:00
429,8218,174.4,USD,2026-08-03 06:23:00
430,7256,81.22,USD,2026-08-03 14:49:00
431,3655,113.39,USD,2026-08-03 16:33:00
432,5096,157.1,USD,2026-08-03 06:51:00
433,7081,127.94,USD,2026-08-03 01:41:00
434,9452,39.11,USD,2026-08-03 17:59:00
435,3626,34.71,USD,2026-08-03 03:18:00
436,3414,227.75,USD,2026-08-03 08:28:00
437,4637,237.41,USD,2026-08-03 13:05:00
438,1436,97.15,USD,2026-08-03 14:56:00
439,7126,108.17,USD,2026-08-03 13:03:00
440,7142,248.71,USD,2026-08-03 07:24:00
441,2623,89.89,USD,2026-08-03 07:01:00
442,3392,93.79,USD,2026-08-03 22:41:00
443,8740,82.42,USD,2026-08-03 04:02:00
444,8685,47.62,USD,2026-08-03 22:53:00
445,2298,16.23,USD,2026-08-03 14:39:00
446,3449,65.68,USD,2026-08-03 00:16:00
447,7934,158.09,USD,2026-08-03 17:46:00
448,5934,82.7,USD,2026-08-03 03:49:00
449,8489,71.03,USD,2026-08-03 03:03:00
450,9189,211.62,USD,2026-08-03 02:07:00
451,9443,18.86,USD,2026-08-03 19:34:00
452,5772,183.86,USD,2026-08-03 18:15:00
453,7825,97.91,USD,2026-08-04 00:39:00
454,9576,172.03,USD,2026-08-04 05:42:00
455,9914,239.05,USD,2026-08-04 11:04:00
456,1333,247.26,USD,2026-08-04 16:50:00
457,7338,125.48,USD,2026-08-04 12:55:00
458,6850,190.62,USD,2026-08-04 11:16:00
459,2698,71.66,USD,2026-08-04 02:22:00
460,3185,192.82,USD,2026-08-04 18:47:00
461,3868,143.31,USD,2026-08-04 01:22:00
462,8840,245.49,USD,2026-08-04 21:29:00
463,2033,205.7,USD,2026-08-04 20:11:00
464,1605,236.75,USD,2026-08-04 22:49:00
465,4268,25.29,USD,2026-08-04 09:12:00
466,9444,234.34,USD,2026-08-04 01:20:00
467,5150,142.61,USD,2026-08-04 12:52:00
468,5687,167.02,USD,2026-08-04 01:48:00
469,6438,198.5,USD,2026-08-04 11:55:00
470,8159,202.85,USD,2026-08-04 08:07:00
471,7334,118.34,USD,2026-08-04 12:47:00
472,9151,131.61,USD,2026-08-04 10:11:00
473,5369,202.36,USD,2026-08-04 11:59:00
474,8055,114.76,USD,2026-08-04 02:46:00
475,5813,57.41,USD,2026-08-04 19:52:00
476,5843,33.82,USD,2026-08-04 10:06:00
477,7981,156.62,USD,2026-08-04 09:28:00
478,8325,119.32,USD,2026-08-04 05:44:00
479,6776,219.46,USD,2026-08-04 01:46:00
480,1939,79.52,USD,2026-08-04 19:27:00
481,6952,164.82,USD,2026-08-04 02:42:00
482,3621,191.23,USD,2026-08-04 16:51:00
483,8179,214.44,USD,2026-08-04 00:09:00
484,7001,30.8,USD,2026-08-04 01:08:00
485,1530,238.12,USD,2026-08-04 11:24:00
486,7077,174.58,USD,2026-08-04 19:09:00
487,3255,194.32,USD,2026-08-04 11:28:00
488,5566,108.54,USD,2026-08-04 16:23:00
489,4048,21.09,USD,2026-08-04 07:07:00
490,2929,105.94,USD,2026-08-04 15:33:00
491,8311,76.17,USD,2026-08-04 08:49:00
492,9047,82.11,USD,2026-08-04 06:39:00
493,2213,46.9,USD,2026-08-04 06:07:00
494,8292,226.19,USD,2026-08-04 14:11:00
495,6236,175.25,USD,2026-08-04 02:51:00
496,9882,181.74,USD,2026-08-04 21:22:00
497,3580,85.49,USD,2026-08-04 09:57:00
498,3852,232.92,USD,2026-08-04 22:45:00
499,4292,67.7,USD,2026-08-04 11:32:00
500,1430,200.74,USD,2026-08-04 04:15:00
501,8657,149.49,USD,2026-08-04 11:35:00
502,2412,158.81,USD,2026-08-04 17:08:00
503,8842,108.57,USD,2026-08-04 02:19:00
504,2208,195.75,USD,2026-08-04 16:26:00
505,8372,165.95,USD,2026-08-04 04:20:00
506,3102,136.58,USD,2026-08-04 14:43:00
507,3114,153.13,USD,2026-08-04 17:40:00
508,1907,229.02,USD,2026-08-04 13:32:00
509,3697,50.96,USD,2026-08-04 03:33:00
510,4694,234.66,USD,2026-08-04 05:20:00
511,2292,225.31,USD,2026-08-04 11:33:00
512,5496,164.24,USD,2026-08-04 08:12:00
513,9740,86.16,USD,2026-08-04 04:40:00
514,3526,165.63,USD,2026-08-04 02:32:00
515,6531,161.75,USD,2026-08-04 05:42:00
516,1464,208.93,USD,2026-08-04 18:02:00
517,5336,237.91,USD,2026-08-04 02:02:00
518,7825,195.24,USD,2026-08-04 20:13:00
519,9938,22.12,USD,2026-08-04 19:40:00
520,8912,239.81,USD,2026-08-04 09:41:00
521,7653,204.73,USD,2026-08-04 07:51:00
522,1981,32.15,USD,2026-08-04 09:29:00
523,8609,112.67,USD,2026-08-04 05:28:00
524,6121,157.57,USD,2026-08-04 06:21:00
525,6658,187.54,USD,2026-08-04 22:20:00
526,9437,193.76,USD,2026-08-04 12:08:00
527,8642,89.99,USD,2026-08-04 17:06:00
528,3308,120.66,USD,2026-08-04 03:17:00
529,7293,83.2,USD,2026-08-04 03:03:00
530,3616,73.34,USD,2026-08-04 19:26:00
531,6123,150.76,USD,2026-08-04 10:59:00
532,9433,52.45,USD,2026-08-04 06:48:00
533,9148,221.58,USD,2026-08-04 14:31:00
534,9281,237.13,USD,2026-08-04 00:05:00
535,6781,65.56,USD,2026-08-04 14:15:00
536,8710,81.12,USD,2026-08-04 01:03:00
537,2761,16.92,USD,2026-08-04 09:34:00
538,6992,222.38,USD,2026-08-04 13:08:00
539,1838,25.63,USD,2026-08-04 12:23:00
540,5728,60.74,USD,2026-08-04 18:35:00
541,5582,133.5,USD,2026-08-04 02:24:00
542,3108,158.6,USD,2026-08-04 19:43:00
543,6555,102.7,USD,2026-08-04 03:25:00
544,4261,192.42,USD,2026-08-04 17:23:00
545,1659,109.33,USD,2026-08-04 19:32:00
546,6456,47.2,USD,2026-08-04 01:02:00
547,9446,122.39,USD,2026-08-04 15:33:00
548,6218,233.87,USD,2026-08-04 04:20:00
549,5902,247.79,USD,2026-08-04 05:25:00
550,9351,134.22,USD,2026-08-04 18:21:00
551,5911,181.55,USD,2026-08-04 17:31:00
552,6427,18.91,USD,2026-08-04 15:52:00
553,6040,245.28,USD,2026-08-04 21:07:00
554,1436,176.69,USD,2026-08-04 23:55:00
555,4728,77.4,USD,2026-08-04 19:30:00
556,3793,152.13,USD,2026-08-04 23:03:00
557,7229,184.48,USD,2026-08-04 16:40:00
558,1517,174.97,USD,2026-08-04 04:52:00
559,1310,40.83,USD,2026-08-04 18:44:00
560,7765,113.41,USD,2026-08-04 14:20:00
561,8726,111.44,USD,2026-08-04 22:13:00
562,3262,29.64,USD,2026-08-04 23:46:00
563,8837,146.81,USD,2026-08-04 16:13:00
564,3837,88.73,USD,2026-08-04 16:24:00
565,9950,140.28,USD,2026-08-04 14:58:00
566,5331,196.42,USD,2026-08-04 11:43:00
567,5038,60.18,USD,2026-08-04 19:30:00
568,5876,85.15,USD,2026-08-04 08:35:00
569,9011,63.71,USD,2026-08-04 09:45:00
570,5480,96.97,USD,2026-08-04 10:30:00
571,9899,149.77,USD,2026-08-04 09:07:00
572,6654,245.34,USD,2026-08-04 12:57:00
573,2294,24.89,USD,2026-08-04 04:18:00
574,5201,118.96,USD,2026-08-04 11:59:00
575,9824,65.29,USD,2026-08-04 23:30:00
576,5450,147.07,USD,2026-08-04 08:59:00
577,4920,159.68,USD,2026-08-04 04:06:00
578,9700,172.41,USD,2026-08-04 07:03:00
579,2641,69.72,USD,2026-08-04 07:40:00
580,2647,183.58,USD,2026-08-04 13:21:00
581,3587,47.3,USD,2026-08-04 21:49:00
582,8793,234.73,USD,2026-08-04 13:41:00
583,5706,61.87,USD,2026-08-04 15:41:00
584,2465,166.79,USD,2026-08-04 10:18:00
585,1611,69.57,USD,2026-08-04 20:36:00
586,3880,222.33,USD,2026-08-04 05:26:00
587,9116,108.29,USD,2026-08-04 01:53:00
588,5742,191.02,USD,2026-08-04 05:59:00
589,2758,85.12,USD,2026-08-04 01:00:00
590,9901,121.77,USD,2026-08-04 10:18:00
591,3198,223.98,USD,2026-08-04 16:31:00
592,2845,79.12,USD,2026-08-04 16:29:00
593,5215,186.81,USD,2026-08-04 10:10:00
594,6523,18.31,USD,2026-08-04 22:11:00
595,4164,173.48,USD,2026-08-04 09:36:00
596,7643,216.19,USD,2026-08-04 05:39:00
597,7567,92.06,USD,2026-08-04 13:32:00
598,3303,58.42,USD,2026-08-04 21:06:00
599,1111,234.92,USD,2026-08-04 15:20:00
600,5374,70.35,USD,2026-08-04 08:24:00
601,1187,151.88,USD,2026-08-05 10:19:00
602,4871,99.49,USD,2026-08-05 08:41:00
603,6026,42.78,USD,2026-08-05 01:42:00
604,6095,176.23,USD,2026-08-05 05:25:00
605,5833,165.1,USD,2026-08-05 22:07:00
606,3188,66.9,USD,2026-08-05 11:39:00
607,7121,121.92,USD,2026-08-05 15:09:00
608,8714,144.07,USD,2026-08-05 13:44:00
609,4578,171.06,USD,2026-08-05 17:51:00
610,2341,192.36,USD,2026-08-05 07:43:00
611,6927,139.12,USD,2026-08-05 16:28:00
612,2011,147.58,USD,2026-08-05 02:58:00
613,9792,133.79,USD,2026-08-05 17:57:00
614,9525,92.11,USD,2026-08-05 04:10:00
615,9008,174.87,USD,2026-08-05 14:07:00
616,1911,134.94,USD,2026-08-05 02:57:00
617,8484,135.61,USD,2026-08-05 14:08:00
618,6049,146.32,USD,2026-08-05 18:03:00
619,1049,108.05,USD,2026-08-05 23:01:00
620,1742,150.9,USD,2026-08-05 23:13:00
621,9866,179.59,USD,2026-08-05 13:22:00
622,8734,225.14,USD,2026-08-05 01:59:00
623,3218,111.08,USD,2026-08-05 01:18:00
624,7887,166.78,USD,2026-08-05 20:46:00
625,7184,104.88,USD,2026-08-05 11:57:00
626,9835,175.44,USD,2026-08-05 12:05:00
627,2943,217.17,USD,2026-08-05 04:41:00
628,3086,107.37,USD,2026-08-05 05:34:00
629,1372,211.18,USD,2026-08-05 23:14:00
630,9920,173.27,USD,2026-08-05 09:29:00
631,4762,104.13,USD,2026-08-05 13:34:00
632,5516,96.35,USD,2026-08-05 07:29:00
633,2848,220.67,USD,2026-08-05 06:59:00
634,1256,170.15,USD,2026-08-05 01:51:00
635,1550,30.81,USD,2026-08-05 07:13:00
636,1797,172.93,USD,2026-08-05 14:38:00
637,8191,25.4,USD,2026-08-05 07:47:00
638,1924,66.06,USD,2026-08-05 07:34:00
639,4836,248.47,USD,2026-08-05 04:32:00
640,6253,89.94,USD,2026-08-05 23:36:00
641,9540,220.92,USD,2026-08-05 07:19:00
642,1998,85.62,USD,2026-08-05 07:26:00
643,3869,221.73,USD,2026-08-05 17:37:00
644,9120,115.39,USD,2026-08-05 20:43:00
645,7244,236.27,USD,2026-08-05 01:22:00
646,7688,178.63,USD,2026-08-05 16:20:00
647,9813,103.47,USD,2026-08-05 04:19:00
648,5927,214.6,USD,2026-08-05 15:15:00
649,1944,204.36,USD,2026-08-05 22:09:00
650,9683,242.43,USD,2026-08-05 17:26:00
651,4331,72.07,USD,2026-08-05 04:24:00
652,8369,33.58,USD,2026-08-05 10:41:00
653,4120,140.87,USD,2026-08-05 11:05:00
654,1647,103.63,USD,2026-08-05 01:17:00
655,4555,204.09,USD,2026-08-05 02:12:00
656,6455,219.33,USD,2026-08-05 15:13:00
657,4113,18.6,USD,2026-08-05 09:58:00
658,8846,190.52,USD,2026-08-05 23:07:00
659,4350,157.03,USD,2026-08-05 07:44:00
660,6269,71.24,USD,2026-08-05 12:58:00
661,6886,124.57,USD,2026-08-05 09:24:00
662,9147,99.52,USD,2026-08-05 09:16:00
663,8692,203.66,USD,2026-08-05 14:06:00
664,6126,62.73,USD,2026-08-05 10:58:00
665,4625,147.19,USD,2026-08-05 13:02:00
666,7841,18.81,USD,2026-08-05 23:09:00
667,4768,61.11,USD,2026-08-05 09:09:00
668,9180,210.84,USD,2026-08-05 12:36:00
669,6530,236.71,USD,2026-08-05 17:41:00
670,9037,208.07,USD,2026-08-05 08:48:00
671,6770,187.2,USD,2026-08-05 14:10:00
672,9000,184.27,USD,2026-08-05 05:08:00
673,1962,224.0,USD,2026-08-05 05:58:00
674,2217,212.18,USD,2026-08-05 16:02:00
675,7756,194.62,USD,2026-08-05 21:03:00
676,2113,163.21,USD,2026-08-05 04:53:00
677,9285,17.15,USD,2026-08-05 22:09:00
678,8916,29.21,USD,2026-08-05 14:23:00
679,9719,18.7,USD,2026-08-05 21:31:00
680,9673,17.78,USD,2026-08-05 17:26:00
681,5697,140.9,USD,2026-08-05 23:17:00
682,8054,206.09,USD,2026-08-05 00:32:00
683,9591,230.74,USD,2026-08-05 05:06:00
684,9625,60.1,USD,2026-08-05 04:15:00
685,7502,98.29,USD,2026-08-05 08:52:00
686,8520,240.43,USD,2026-08-05 02:23:00
687,4700,247.7,USD,2026-08-05 18:15:00
688,2320,209.59,USD,2026-08-05 09:43:00
689,1519,167.73,USD,2026-08-05 20:54:00
690,8798,104.13,USD,2026-08-05 02:25:00
691,3807,17.22,USD,2026-08-05 01:40:00
692,6427,213.65,USD,2026-08-05 02:31:00
693,9653,243.85,USD,2026-08-05 18:54:00
694,8790,64.68,USD,2026-08-05 01:14:00
695,5593,232.18,USD,2026-08-05 08:02:00
696,3938,169.66,USD,2026-08-05 17:36:00
697,3362,240.95,USD,2026-08-05 10:01:00
698,2260,108.6,USD,2026-08-05 22:52:00
699,7375,147.53,USD,2026-08-05 09:10:00
700,7288,142.03,USD,2026-08-05 21:57:00
701,2284,200.77,USD,2026-08-05 23:08:00
702,1879,243.97,USD,2026-08-05 16:47:00
703,2245,69.55,USD,2026-08-05 03:27:00
704,7499,195.72,USD,2026-08-05 10:38:00
705,8381,164.02,USD,2026-08-05 10:01:00
706,7150,98.62,USD,2026-08-05 15:14:00
707,7227,174.73,USD,2026-08-05 13:11:00
708,5037,160.37,USD,2026-08-05 02:49:00
709,3526,34.28,USD,2026-08-05 22:04:00
710,3527,199.21,USD,2026-08-05 12:45:00
711,2745,89.42,USD,2026-08-05 23:24:00
712,8286,236.6,USD,2026-08-05 02:00:00
713,3170,78.4,USD,2026-08-05 11:48:00
714,9395,116.28,USD,2026-08-05 02:11:00
715,6798,21.17,USD,2026-08-05 13:06:00
716,6315,155.28,USD,2026-08-05 17:05:00
717,7353,83.58,USD,2026-08-05 12:00:00
718,4977,226.77,USD,2026-08-05 02:46:00
719,7237,54.85,USD,2026-08-05 18:33:00
720,5397,78.2,USD,2026-08-05 05:08:00
721,8121,29.87,USD,2026-08-05 15:09:00
722,2260,85.44,USD,2026-08-05 08:26:00
723,9123,236.89,USD,2026-08-05 11:16:00
724,2752,60.95,USD,2026-08-05 19:39:00
725,7483,16.59,USD,2026-08-05 04:19:00
726,6399,160.75,USD,2026-08-05 10:53:00
727,3230,116.19,USD,2026-08-05 14:21:00
728,4290,156.75,USD,2026-08-05 09:20:00
729,7524,56.74,USD,2026-08-05 15:20:00
730,9044,187.7,USD,2026-08-05 10:18:00
731,7161,71.97,USD,2026-08-05 18:50:00
732,6980,199.68,USD,2026-08-05 08:52:00
733,9939,147.5,USD,2026-08-05 03:59:00
734,1440,195.39,USD,2026-08-05 05:43:00
735,4434,236.6,USD,2026-08-05 23:29:00
736,2133,83.46,USD,2026-08-05 14:51:00
737,5961,132.34,USD,2026-08-05 13:43:00
738,7932,169.79,USD,2026-08-05 07:16:00
739,8851,120.53,USD,2026-08-05 12:04:00
740,7853,140.58,USD,2026-08-05 18:25:00
741,6890,200.82,USD,2026-08-05 17:02:00
742,2392,205.89,USD,2026-08-05 22:57:00
743,6816,73.33,USD,2026-08-05 03:49:00
744,7547,158.98,USD,2026-08-05 05:41:00
745,1172,116.16,USD,2026-08-05 10:50:00
746,9499,67.17,USD,2026-08-05 03:16:00
747,4621,176.6,USD,2026-08-05 17:37:00
748,9199,106.92,USD,2026-08-05 14:23:00
749,8909,249.46,USD,2026-08-05 04:22:00
750,2406,112.75,USD,2026-08-05 03:18:00
751,3321,236.06,USD,2026-08-05 03:53:00
752,4389,95.62,USD,2026-08-05 11:19:00
753,2599,96.85,USD,2026-08-05 16:30:00
754,6225,178.74,USD,2026-08-05 14:46:00
755,2885,25.5,USD,2026-08-05 02:19:00
756,2791,95.62,USD,2026-08-05 00:54:00
757,4996,53.62,USD,2026-08-05 21:51:00
758,6422,144.7,USD,2026-08-05 16:11:00
759,4798,240.24,USD,2026-08-05 17:27:00
760,8080,58.35,USD,2026-08-05 12:40:00
761,4232,188.29,USD,2026-08-05 12:01:00
762,1072,115.94,USD,2026-08-05 14:37:00
763,2025,63.36,USD,2026-08-05 22:13:00
764,9796,202.88,USD,2026-08-05 18:06:00
765,8496,91.61,USD,2026-08-05 05:23:00
766,9646,217.72,USD,2026-08-06 08:42:00
767,7431,155.29,USD,2026-08-06 20:20:00
768,8501,96.76,USD,2026-08-06 18:07:00
769,5873,206.23,USD,2026-08-06 19:11:00
770,3194,34.92,USD,2026-08-06 19:37:00
771,2916,71.06,USD,2026-08-06 10:07:00
772,9369,177.96,USD,2026-08-06 05:23:00
773,7286,155.16,USD,2026-08-06 12:26:00
774,9804,129.37,USD,2026-08-06 13:11:00
775,3838,166.64,USD,2026-08-06 22:58:00
776,3298,130.07,USD,2026-08-06 17:10:00
777,1878,212.87,USD,2026-08-06 05:20:00
778,4196,128.88,USD,2026-08-06 11:00:00
779,9109,133.78,USD,2026-08-06 12:35:00
780,8272,130.56,USD,2026-08-06 13:43:00
781,1505,34.43,USD,2026-08-06 15:10:00
782,4683,22.68,USD,2026-08-06 07:18:00
783,8492,54.53,USD,2026-08-06 17:18:00
784,9115,196.55,USD,2026-08-06 18:47:00
785,2871,41.6,USD,2026-08-06 17:32:00
786,7010,142.63,USD,2026-08-06 08:49:00
787,8231,192.84,USD,2026-08-06 17:52:00
788,2677,247.6,USD,2026-08-06 17:13:00
789,5055,168.61,USD,2026-08-06 23:53:00
790,8368,249.84,USD,2026-08-06 09:55:00
791,2425,217.62,USD,2026-08-06 08:22:00
792,4882,248.58,USD,2026-08-06 14:55:00
793,6744,188.34,USD,2026-08-06 06:51:00
794,3719,163.7,USD,2026-08-06 22:39:00
795,4390,199.44,USD,2026-08-06 19:08:00
796,5605,97.44,USD,2026-08-06 01:36:00
797,5794,54.57,USD,2026-08-06 19:34:00
798,9428,77.83,USD,2026-08-06 09:36:00
799,7743,37.38,USD,2026-08-06 21:52:00
800,3078,218.76,USD,2026-08-06 01:17:00
801,3396,46.18,USD,2026-08-06 22:55:00
802,7434,209.69,USD,2026-08-06 22:20:00
803,5402,150.69,USD,2026-08-06 15:09:00
804,2237,103.17,USD,2026-08-06 20:26:00
805,2525,221.83,USD,2026-08-06 20:50:00
806,7046,191.2,USD,2026-08-06 12:32:00
807,1040,91.91,USD,2026-08-06 14:31:00
808,8511,186.77,USD,2026-08-06 23:05:00
809,2037,178.86,USD,2026-08-06 20:42:00
810,8039,66.19,USD,2026-08-06 17:25:00
811,5646,78.11,USD,2026-08-06 06:31:00
812,8951,150.81,USD,2026-08-06 10:35:00
813,1793,175.4,USD,2026-08-06 10:57:00
814,8529,162.15,USD,2026-08-06 01:06:00
815,3588,233.42,USD,2026-08-06 00:07:00
816,8009,15.16,USD,2026-08-06 14:29:00
817,5945,228.71,USD,2026-08-06 06:44:00
818,5489,234.19,USD,2026-08-06 05:55:00
819,2350,99.7,USD,2026-08-06 02:41:00
820,3711,227.39,USD,2026-08-06 11:42:00
821,4836,162.02,USD,2026-08-06 01:25:00
822,2559,36.43,USD,2026-08-06 13:41:00
823,3174,127.05,USD,2026-08-06 00:13:00
824,8291,137.07,USD,2026-08-06 18:14:00
825,2975,178.47,USD,2026-08-06 00:00:00
826,2160,46.06,USD,2026-08-06 13:44:00
827,2678,35.99,USD,2026-08-06 07:24:00
828,5902,101.38,USD,2026-08-06 03:20:00
829,3181,196.76,USD,2026-08-06 04:24:00
830,9691,48.57,USD,2026-08-06 20:43:00
831,3688,158.43,USD,2026-08-06 18:00:00
832,3480,184.77,USD,2026-08-06 14:22:00
833,4559,176.34,USD,2026-08-06 13:39:00
834,3017,38.61,USD,2026-08-06 02:57:00
835,8035,105.25,USD,2026-08-06 18:46:00
836,5537,47.86,USD,2026-08-06 10:50:00
837,5668,73.32,USD,2026-08-06 20:05:00
838,5942,214.25,USD,2026-08-06 22:01:00
839,4090,157.63,USD,2026-08-06 06:33:00
840,1894,84.45,USD,2026-08-06 23:25:00
841,4949,105.68,USD,2026-08-06 07:31:00
842,9655,154.57,USD,2026-08-06 15:40:00
843,3162,234.47,USD,2026-08-06 00:23:00
844,7895,212.16,USD,2026-08-06 12:55:00
845,8717,175.49,USD,2026-08-06 11:34:00
846,1225,153.03,USD,2026-08-06 02:01:00
847,1990,24.36,USD,2026-08-06 08:13:00
848,9209,82.32,USD,2026-08-06 12:32:00
849,2350,179.93,USD,2026-08-06 13:27:00
850,3501,141.35,USD,2026-08-06 20:34:00
851,9377,87.83,USD,2026-08-06 08:05:00
852,6353,51.51,USD,2026-08-06 06:51:00
853,2083,164.06,USD,2026-08-06 12:37:00
854,4909,117.81,USD,2026-08-06 09:44:00
855,8118,35.26,USD,2026-08-06 01:15:00
856,1901,158.89,USD,2026-08-06 03:29:00
857,3877,189.3,USD,2026-08-06 09:42:00
858,1185,181.36,USD,2026-08-06 03:00:00
859,9568,238.96,USD,2026-08-06 05:31:00
860,5247,208.29,USD,2026-08-06 16:50:00
861,5403,44.83,USD,2026-08-06 05:23:00
862,1480,42.74,USD,2026-08-06 23:56:00
863,9582,115.89,USD,2026-08-06 10:51:00
864,2262,182.4,USD,2026-08-06 02:16:00
865,1908,135.03,USD,2026-08-06 15:29:00
866,7024,148.22,USD,2026-08-06 15:54:00
867,2889,196.73,USD,2026-08-06 05:16:00
868,1721,134.57,USD,2026-08-06 07:47:00
869,6963,25.81,USD,2026-08-06 00:15:00
870,1579,50.27,USD,2026-08-06 12:58:00
871,7870,229.78,USD,2026-08-06 17:51:00
872,6241,73.34,USD,2026-08-06 07:20:00
873,7108,33.3,USD,2026-08-06 08:52:00
874,1862,173.23,USD,2026-08-06 03:32:00
875,1752,204.02,USD,2026-08-06 05:14:00
876,5625,221.09,USD,2026-08-06 12:04:00
877,8483,35.3,USD,2026-08-06 09:20:00
878,5979,62.16,USD,2026-08-06 00:23:00
879,7033,72.01,USD,2026-08-06 23:39:00
880,4201,249.48,USD,2026-08-06 18:31:00
881,5016,143.44,USD,2026-08-06 23:57:00
882,1391,234.11,USD,2026-08-06 04:00:00
883,1157,96.41,USD,2026-08-06 07:34:00
884,7164,193.35,USD,2026-08-06 10:00:00
885,4361,87.26,USD,2026-08-06 23:46:00
886,1981,113.66,USD,2026-08-06 16:15:00
887,1719,80.76,USD,2026-08-06 04:45:00
888,7767,213.69,USD,2026-08-06 07:57:00
889,2391,102.54,USD,2026-08-06 22:57:00
890,7461,133.78,USD,2026-08-06 18:06:00
891,8126,148.44,USD,2026-08-06 02:37:00
892,5276,70.64,USD,2026-08-06 21:08:00
893,6345,203.19,USD,2026-08-06 10:59:00
894,2223,78.91,USD,2026-08-06 10:28:00
895,2785,198.29,USD,2026-08-06 06:08:00
896,8635,53.63,USD,2026-08-06 04:06:00
897,6870,43.37,USD,2026-08-06 10:26:00
898,5341,87.45,USD,2026-08-06 06:28:00
899,5984,52.04,USD,2026-08-06 03:05:00
900,4522,156.78,USD,2026-08-06 22:44:00
901,5066,36.44,USD,2026-08-06 10:09:00
902,5896,135.66,USD,2026-08-06 11:25:00
903,1509,247.81,USD,2026-08-06 08:52:00
904,5093,121.27,USD,2026-08-07 12:54:00
905,3290,38.95,USD,2026-08-07 03:29:00
906,4641,29.49,USD,2026-08-07 03:00:00
907,7098,208.56,USD,2026-08-07 04:12:00
908,2376,235.33,USD,2026-08-07 21:40:00
909,2228,75.82,USD,2026-08-07 18:37:00
910,8265,61.47,USD,2026-08-07 00:04:00
911,6432,227.69,USD,2026-08-07 04:05:00
912,1829,236.44,USD,2026-08-07 03:02:00
913,7471,149.86,USD,2026-08-07 05:59:00
914,7990,104.94,USD,2026-08-07 15:01:00
915,4066,65.46,USD,2026-08-07 05:22:00
916,3435,119.81,USD,2026-08-07 08:17:00
917,5026,160.51,USD,2026-08-07 01:39:00
918,8848,132.24,USD,2026-08-07 20:18:00
919,3248,80.75,USD,2026-08-07 01:05:00
920,9614,166.02,USD,2026-08-07 13:12:00
921,9907,248.61,USD,2026-08-07 07:40:00
922,6883,198.75,USD,2026-08-07 00:24:00
923,6636,198.64,USD,2026-08-07 15:34:00
924,5430,90.58,USD,2026-08-07 18:32:00
925,4588,89.94,USD,2026-08-07 05:01:00
926,5602,205.51,USD,2026-08-07 00:57:00
927,9674,248.01,USD,2026-08-07 01:51:00
928,4813,152.24,USD,2026-08-07 11:49:00
929,4951,73.25,USD,2026-08-07 05:06:00
930,1916,206.83,USD,2026-08-07 08:34:00
931,7363,213.93,USD,2026-08-07 07:36:00
932,3846,212.22,USD,2026-08-07 11:59:00
933,6878,154.24,USD,2026-08-07 05:15:00
934,6761,180.31,USD,2026-08-07 18:01:00
935,4084,48.39,USD,2026-08-07 18:36:00
936,9035,87.63,USD,2026-08-07 15:34:00
937,4584,28.2,USD,2026-08-07 01:05:00
938,6435,127.33,USD,2026-08-07 00:33:00
939,6582,204.51,USD,2026-08-07 19:12:00
940,6301,230.91,USD,2026-08-07 22:11:00
941,3320,49.71,USD,2026-08-07 01:01:00
942,6978,138.68,USD,2026-08-07 03:54:00
943,7481,180.57,USD,2026-08-07 02:23:00
944,6285,94.09,USD,2026-08-07 18:06:00
945,8157,187.1,USD,2026-08-07 04:10:00
946,3854,167.56,USD,2026-08-07 20:31:00
947,6846,177.99,USD,2026-08-07 22:35:00
948,3872,153.4,USD,2026-08-07 07:42:00
949,5825,187.49,USD,2026-08-07 12:19:00
950,7415,186.28,USD,2026-08-07 04:11:00
951,6213,57.79,USD,2026-08-07 18:02:00
952,2705,165.32,USD,2026-08-07 19:14:00
953,2274,92.82,USD,2026-08-07 15:09:00
954,3750,245.86,USD,2026-08-07 07:22:00
955,6500,241.32,USD,2026-08-07 20:56:00
956,5088,77.32,USD,2026-08-07 14:00:00
957,2770,97.36,USD,2026-08-07 22:04:00
958,8179,26.31,USD,2026-08-07 23:00:00
959,7783,242.74,USD,2026-08-07 23:26:00
960,9946,104.0,USD,2026-08-07 15:56:00
961,4695,209.77,USD,2026-08-07 12:06:00
962,1547,32.32,USD,2026-08-07 05:28:00
963,2715,89.9,USD,2026-08-07 09:01:00
964,7151,54.97,USD,2026-08-07 02:21:00
965,2525,32.63,USD,2026-08-07 05:46:00
966,8909,246.54,USD,2026-08-07 10:38:00
967,3703,116.36,USD,2026-08-07 22:01:00
968,1877,117.04,USD,2026-08-07 19:56:00
969,4112,63.3,USD,2026-08-07 03:21:00
970,9849,145.22,USD,2026-08-07 13:44:00
971,4891,81.16,USD,2026-08-07 08:42:00
972,9043,107.33,USD,2026-08-07 03:03:00
973,8005,99.79,USD,2026-08-07 04:03:00
974,8869,208.62,USD,2026-08-07 02:18:00
975,3798,21.05,USD,2026-08-07 06:06:00
976,8758,244.61,USD,2026-08-07 20:18:00
977,8715,199.45,USD,2026-08-07 03:19:00
978,2493,170.34,USD,2026-08-07 15:57:00
979,7078,106.07,USD,2026-08-07 20:34:00
980,1731,58.85,USD,2026-08-07 12:23:00
981,4706,124.29,USD,2026-08-07 08:28:00
982,2584,29.49,USD,2026-08-07 08:36:00
983,9871,95.79,USD,2026-08-07 02:42:00
984,1999,153.59,USD,2026-08-07 13:48:00
985,9773,137.81,USD,2026-08-07 12:52:00
986,4860,235.04,USD,2026-08-07 21:55:00
987,1568,33.55,USD,2026-08-07 15:19:00
988,3415,226.61,USD,2026-08-07 16:36:00
989,3738,120.52,USD,2026-08-07 03:48:00
990,1699,60.29,USD,2026-08-07 06:51:00
991,8133,247.25,USD,2026-08-07 13:05:00
992,5225,162.4,USD,2026-08-07 06:52:00
993,2097,185.87,USD,2026-08-07 10:58:00
994,6343,145.75,USD,2026-08-07 02:24:00
995,1202,122.67,USD,2026-08-07 08:33:00
996,7874,153.08,USD,2026-08-07 22:39:00
997,2641,50.17,USD,2026-08-07 03:26:00
998,5687,198.19,USD,2026-08-07 03:36:00
999,7732,95.81,USD,2026-08-07 17:56:00
1000,8750,168.88,USD,2026-08-07 08:24:00
1001,3356,79.72,USD,2026-08-07 01:11:00
1002,7581,174.99,USD,2026-08-07 19:38:00
1003,6431,224.05,USD,2026-08-07 01:25:00
1004,8785,26.58,USD,2026-08-07 22:15:00
1005,6535,102.52,USD,2026-08-07 08:57:00
1006,9054,80.88,USD,2026-08-07 09:19:00
1007,4734,38.08,USD,2026-08-07 22:43:00
1008,8259,243.94,USD,2026-08-07 04:19:00
1009,2462,186.27,USD,2026-08-07 10:17:00
1010,7671,64.68,USD,2026-08-07 06:28:00
1011,7126,193.48,USD,2026-08-07 23:31:00
1012,2075,201.0,USD,2026-08-07 01:32:00
1013,3222,134.1,USD,2026-08-07 09:45:00
1014,3846,148.64,USD,2026-08-07 16:56:00
1015,1944,210.74,USD,2026-08-07 06:56:00
1016,6904,122.27,USD,2026-08-07 07:02:00
1017,8605,79.38,USD,2026-08-07 22:12:00
1018,3029,164.32,USD,2026-08-07 16:25:00
1019,9008,71.86,USD,2026-08-07 21:01:00
1020,8775,56.73,USD,2026-08-07 19:28:00
1021,3679,97.19,USD,2026-08-07 18:35:00
1022,2480,210.25,USD,2026-08-07 08:47:00
1023,3669,105.84,USD,2026-08-07 09:01:00
1024,4626,241.76,USD,2026-08-07 18:49:00
1025,5408,174.26,USD,2026-08-07 20:14:00
1026,1145,135.62,USD,2026-08-07 20:26:00
1027,3837,46.09,USD,2026-08-07 15:58:00
1028,5135,16.99,USD,2026-08-07 19:51:00
1029,5511,236.61,USD,2026-08-07 19:51:00
1030,6713,103.47,USD,2026-08-07 13:57:00
1031,5950,66.28,USD,2026-08-07 14:16:00
1032,7506,208.71,USD,2026-08-07 21:33:00
1033,7131,16.73,USD,2026-08-07 18:06:00
1034,5631,154.54,USD,2026-08-07 17:41:00
1035,2045,40.4,USD,2026-08-07 09:43:00
1036,5536,165.54,USD,2026-08-07 10:17:00
1037,5895,182.11,USD,2026-08-07 08:41:00
1038,4937,136.56,USD,2026-08-07 06:09:00
1039,7620,216.47,USD,2026-08-07 01:51:00
1040,1417,174.98,USD,2026-08-07 21:20:00
1041,5250,249.41,USD,2026-08-07 20:31:00
1042,1578,106.24,USD,2026-08-07 13:25:00
1043,4111,248.77,USD,2026-08-07 18:45:00
1044,9759,182.64,USD,2026-08-07 10:46:00
1045,6873,126.8,USD,2026-08-07 20:50:00
1046,3967,213.67,USD,2026-08-07 16:19:00
1047,5237,125.63,USD,2026-08-07 09:06:00
1048,3999,146.37,USD,2026-08-07 23:51:00
1049,2463,93.87,USD,2026-08-07 21:57:00
1050,6031,67.48,USD,2026-08-07 07:22:00
1051,7089,223.41,USD,2026-08-07 13:50:00
1052,2929,84.1,USD,2026-08-07 08:37:00
1053,2166,218.6,USD,2026-08-07 15:03:00
1054,2963,60.72,USD,2026-08-07 15:56:00
1055,7768,139.51,USD,2026-08-07 21:24:00
1056,3250,215.75,USD,2026-08-07 01:55:00
1057,8496,111.16,USD,2026-08-07 06:21:00
1058,3954,217.66,USD,2026-08-07 04:20:00
1059,3897,93.17,USD,2026-08-07 02:31:00
1060,8406,28.63,USD,2026-08-07 10:40:00
1061,3762,193.88,USD,2026-08-07 08:13:00
1062,2442,52.23,USD,2026-08-07 18:48:00
1063,8035,116.92,USD,2026-08-07 04:39:00
1064,7280,241.85,USD,2026-08-07 12:27:00
1065,7112,140.44,USD,2026-08-07 00:02:00
1066,9700,90.72,USD,2026-08-07 00:57:00
1067,5076,174.04,USD,2026-08-07 06:01:00
1068,6113,221.09,USD,2026-08-07 07:44:00
1069,6015,133.28,USD,2026-08-08 03:24:00
1070,5885,208.6,USD,2026-08-08 05:04:00
1071,9587,186.04,USD,2026-08-08 09:29:00
1072,3192,223.67,USD,2026-08-08 10:27:00
1073,4087,130.19,USD,2026-08-08 10:57:00
1074,7609,230.78,USD,2026-08-08 05:58:00
1075,3149,67.72,USD,2026-08-08 00:14:00
1076,9267,20.15,USD,2026-08-08 06:46:00
1077,1612,101.15,USD,2026-08-08 05:07:00
1078,9761,165.48,USD,2026-08-08 12:56:00
1079,1785,154.57,USD,2026-08-08 19:03:00
1080,1323,168.59,USD,2026-08-08 21:06:00
1081,8279,42.21,USD,2026-08-08 01:44:00
1082,8772,143.61,USD,2026-08-08 12:07:00
1083,1152,63.29,USD,2026-08-08 22:09:00
1084,9524,170.49,USD,2026-08-08 09:26:00
1085,3247,157.32,USD,2026-08-08 08:39:00
1086,9381,226.18,USD,2026-08-08 13:53:00
1087,2867,42.67,USD,2026-08-08 23:39:00
1088,4272,61.68,USD,2026-08-08 03:31:00
1089,4304,137.94,USD,2026-08-08 08:53:00
1090,3627,111.29,USD,2026-08-08 11:45:00
1091,4402,131.64,USD,2026-08-08 01:35:00
1092,4842,127.96,USD,2026-08-08 22:59:00
1093,2809,172.83,USD,2026-08-08 00:00:00
1094,2475,131.11,USD,2026-08-08 18:42:00
1095,2659,185.04,USD,2026-08-08 16:04:00
1096,5850,69.32,USD,2026-08-08 08:41:00
1097,3862,26.77,USD,2026-08-08 08:29:00
1098,6123,83.28,USD,2026-08-08 01:54:00
1099,1751,42.24,USD,2026-08-08 13:47:00
1100,3793,47.52,USD,2026-08-08 00:54:00
1101,5395,225.21,USD,2026-08-08 10:22:00
1102,6615,102.57,USD,2026-08-08 23:05:00
1103,8479,109.18,USD,2026-08-08 05:07:00
1104,8835,105.64,USD,2026-08-08 08:53:00
1105,3732,223.24,USD,2026-08-08 13:41:00
1106,1960,178.6,USD,2026-08-08 03:08:00
1107,8908,112.77,USD,2026-08-08 05:06:00
1108,7221,117.97,USD,2026-08-08 18:43:00
1109,3140,21.77,USD,2026-08-08 11:39:00
1110,7738,129.71,USD,2026-08-08 15:58:00
1111,6148,29.88,USD,2026-08-08 14:02:00
1112,9598,219.06,USD,2026-08-08 00:45:00
1113,4669,185.09,USD,2026-08-08 23:36:00
1114,9570,94.5,USD,2026-08-08 21:55:00
1115,8091,160.29,USD,2026-08-08 22:44:00
1116,6664,73.42,USD,2026-08-08 21:46:00
1117,3435,165.73,USD,2026-08-08 21:43:00
1118,1894,247.13,USD,2026-08-08 17:57:00
1119,9283,234.58,USD,2026-08-08 00:41:00
1120,3709,131.52,USD,2026-08-08 15:54:00
1121,4946,130.54,USD,2026-08-08 02:48:00
1122,4648,26.83,USD,2026-08-08 10:17:00
1123,4850,103.98,USD,2026-08-08 17:41:00
1124,8341,119.38,USD,2026-08-08 02:29:00
1125,6178,132.14,USD,2026-08-08 02:54:00
1126,1291,190.13,USD,2026-08-08 03:31:00
1127,9996,111.9,USD,2026-08-08 03:25:00
1128,5990,36.36,USD,2026-08-08 00:52:00
1129,8474,63.61,USD,2026-08-08 16:35:00
1130,4652,208.95,USD,2026-08-08 10:23:00
1131,8751,146.64,USD,2026-08-08 14:21:00
1132,8414,100.37,USD,2026-08-08 22:42:00
1133,4633,193.44,USD,2026-08-08 03:06:00
1134,5783,98.46,USD,2026-08-08 00:21:00
1135,2741,102.86,USD,2026-08-08 17:33:00
1136,3301,53.58,USD,2026-08-08 01:57:00
1137,2752,184.57,USD,2026-08-08 22:47:00
1138,2978,61.04,USD,2026-08-08 08:39:00
1139,4122,122.41,USD,2026-08-08 12:13:00
1140,7790,40.32,USD,2026-08-08 22:21:00
1141,3018,163.81,USD,2026-08-08 01:59:00
1142,9260,169.74,USD,2026-08-08 14:29:00
1143,1795,16.02,USD,2026-08-08 04:31:00
1144,8912,116.71,USD,2026-08-08 17:59:00
1145,3903,231.47,USD,2026-08-08 16:49:00
1146,3103,55.81,USD,2026-08-08 22:37:00
1147,6273,169.52,USD,2026-08-08 03:24:00
1148,5067,105.4,USD,2026-08-08 16:56:00
1149,5819,241.44,USD,2026-08-08 08:25:00
1150,7762,46.34,USD,2026-08-08 14:51:00
1151,9393,223.31,USD,2026-08-08 19:44:00
1152,6143,179.85,USD,2026-08-08 09:53:00
1153,4560,234.85,USD,2026-08-08 22:47:00
1154,5760,161.68,USD,2026-08-08 06:13:00
1155,3173,231.48,USD,2026-08-08 21:22:00
1156,3913,244.17,USD,2026-08-08 22:41:00
1157,6281,178.16,USD,2026-08-08 16:34:00
1158,8870,193.78,USD,2026-08-08 22:07:00
1159,7839,236.53,USD,2026-08-08 18:36:00
1160,9747,225.06,USD,2026-08-08 21:47:00
1161,1209,214.12,USD,2026-08-08 09:56:00
1162,3381,20.94,USD,2026-08-08 16:06:00
1163,5374,28.3,USD,2026-08-08 01:42:00
1164,3399,175.6,USD,2026-08-08 05:18:00
1165,4342,199.32,USD,2026-08-08 01:44:00
1166,8415,99.29,USD,2026-08-08 17:02:00
1167,4675,218.99,USD,2026-08-08 03:39:00
1168,4892,146.9,USD,2026-08-08 23:41:00
1169,5712,202.26,USD,2026-08-08 16:50:00
1170,7251,26.04,USD,2026-08-08 22:42:00
1171,6122,239.82,USD,2026-08-08 12:26:00
1172,5117,18.05,USD,2026-08-08 17:03:00
1173,8259,219.18,USD,2026-08-08 06:39:00
1174,7025,163.94,USD,2026-08-08 07:58:00
1175,4218,188.54,USD,2026-08-08 18:34:00
1176,3906,84.13,USD,2026-08-08 23:12:00
1177,3847,58.94,USD,2026-08-08 21:04:00
1178,1665,43.05,USD,2026-08-08 23:32:00
1179,3131,145.8,USD,2026-08-08 13:17:00
1180,1092,213.81,USD,2026-08-08 05:37:00
1181,3536,181.78,USD,2026-08-08 10:29:00
1182,1833,233.23,USD,2026-08-08 01:09:00
1183,5934,213.14,USD,2026-08-08 20:39:00
1184,6866,149.58,USD,2026-08-08 15:50:00
1185,9608,181.31,USD,2026-08-08 02:50:00
1186,9276,137.34,USD,2026-08-08 07:11:00
1187,7609,142.62,USD,2026-08-08 05:26:00
1188,4495,66.98,USD,2026-08-08 02:22:00
1189,5809,92.8,USD,2026-08-08 21:21:00
1190,8780,160.3,USD,2026-08-08 06:48:00
1191,1144,191.75,USD,2026-08-08 17:52:00
1192,4937,96.31,USD,2026-08-08 03:42:00
1193,4994,230.87,USD,2026-08-08 20:39:00
1194,7248,223.13,USD,2026-08-08 01:43:00
1195,5633,75.3,USD,2026-08-08 03:24:00
1196,7143,136.46,USD,2026-08-08 00:58:00
1197,8975,134.55,USD,2026-08-08 16:51:00
1198,4154,226.1,USD,2026-08-08 01:18:00
1199,2572,34.35,USD,2026-08-08 10:32:00
1200,1120,141.42,USD,2026-08-08 05:49:00
1201,4492,64.53,USD,2026-08-08 20:04:00
1202,4368,211.38,USD,2026-08-08 21:27:00
1203,8130,180.14,USD,2026-08-08 17:53:00
1204,3519,235.84,USD,2026-08-08 20:52:00
1205,1620,183.46,USD,2026-08-08 00:29:00
1206,5127,27.75,USD,2026-08-08 02:04:00
1207,4729,150.12,USD,2026-08-08 17:04:00
1208,7626,106.19,USD,2026-08-09 08:26:00
1209,2938,18.97,USD,2026-08-09 13:20:00
1210,2036,165.73,USD,2026-08-09 17:00:00
1211,2189,25.7,USD,2026-08-09 23:37:00
1212,5748,133.17,USD,2026-08-09 11:59:00
1213,5612,157.54,USD,2026-08-09 21:19:00
1214,1504,107.85,USD,2026-08-09 14:24:00
1215,3234,140.36,USD,2026-08-09 15:10:00
1216,9941,202.24,USD,2026-08-09 23:25:00
1217,7113,48.86,USD,2026-08-09 09:40:00
1218,3316,220.57,USD,2026-08-09 00:35:00
1219,7456,16.18,USD,2026-08-09 03:02:00
1220,5992,237.54,USD,2026-08-09 17:35:00
1221,6633,189.24,USD,2026-08-09 06:47:00
1222,9397,227.82,USD,2026-08-09 06:26:00
1223,5140,58.24,USD,2026-08-09 04:10:00
1224,1891,57.62,USD,2026-08-09 06:07:00
1225,2198,166.5,USD,2026-08-09 17:29:00
1226,2608,30.83,USD,2026-08-09 09:42:00
1227,6420,151.44,USD,2026-08-09 06:46:00
1228,4842,172.75,USD,2026-08-09 11:08:00
1229,4170,160.59,USD,2026-08-09 03:18:00
1230,6008,120.9,USD,2026-08-09 10:31:00
1231,6971,50.81,USD,2026-08-09 22:37:00
1232,6131,54.63,USD,2026-08-09 10:27:00
1233,8145,67.06,USD,2026-08-09 07:50:00
1234,6432,99.48,USD,2026-08-09 08:53:00
1235,6004,119.66,USD,2026-08-09 15:29:00
1236,2343,40.58,USD,2026-08-09 15:35:00
1237,9824,209.21,USD,2026-08-09 08:54:00
1238,2252,187.38,USD,2026-08-09 06:16:00
1239,9309,224.64,USD,2026-08-09 23:04:00
1240,7637,205.97,USD,2026-08-09 20:01:00
1241,5269,227.98,USD,2026-08-09 18:13:00
1242,8734,249.7,USD,2026-08-09 17:57:00
1243,7430,49.93,USD,2026-08-09 20:49:00
1244,5767,196.45,USD,2026-08-09 07:57:00
1245,2483,132.76,USD,2026-08-09 04:29:00
1246,4913,133.01,USD,2026-08-09 12:23:00
1247,9423,53.97,USD,2026-08-09 19:43:00
1248,3395,52.42,USD,2026-08-09 04:28:00
1249,6878,128.62,USD,2026-08-09 23:46:00
1250,4796,193.95,USD,2026-08-09 01:14:00
1251,1701,101.82,USD,2026-08-09 02:16:00
1252,6918,136.7,USD,2026-08-09 21:13:00
1253,1760,230.71,USD,2026-08-09 12:30:00
1254,9542,91.16,USD,2026-08-09 01:41:00
1255,5314,79.27,USD,2026-08-09 20:53:00
1256,7171,148.99,USD,2026-08-09 18:34:00
1257,2275,100.84,USD,2026-08-09 20:24:00
1258,4651,103.44,USD,2026-08-09 16:16:00
1259,6653,97.93,USD,2026-08-09 16:25:00
1260,1108,128.3,USD,2026-08-09 15:50:00
1261,3713,47.66,USD,2026-08-09 16:56:00
1262,5600,135.92,USD,2026-08-09 07:04:00
1263,6934,58.92,USD,2026-08-09 06:09:00
1264,4773,206.98,USD,2026-08-09 19:45:00
1265,2856,92.6,USD,2026-08-09 13:51:00
1266,4452,127.52,USD,2026-08-09 15:43:00
1267,7732,167.11,USD,2026-08-09 18:10:00
1268,3639,25.14,USD,2026-08-09 00:15:00
1269,3406,135.47,USD,2026-08-09 04:40:00
1270,3949,75.69,USD,2026-08-09 01:10:00
1271,1305,155.85,USD,2026-08-09 16:25:00
1272,5644,170.51,USD,2026-08-09 23:46:00
1273,8723,120.56,USD,2026-08-09 02:13:00
1274,7730,66.55,USD,2026-08-09 15:10:00
1275,3979,201.73,USD,2026-08-09 19:09:00
1276,3747,135.04,USD,2026-08-09 19:42:00
1277,8429,95.53,USD,2026-08-09 23:43:00
1278,7196,31.18,USD,2026-08-09 19:37:00
1279,4315,40.51,USD,2026-08-09 12:08:00
1280,7877,228.69,USD,2026-08-09 16:55:00
1281,8796,37.63,USD,2026-08-09 04:38:00
1282,9706,24.17,USD,2026-08-09 19:38:00
1283,8901,42.62,USD,2026-08-09 16:48:00
1284,9835,226.97,USD,2026-08-09 21:08:00
1285,8069,235.37,USD,2026-08-09 00:57:00
1286,1711,102.04,USD,2026-08-09 16:26:00
1287,8899,115.8,USD,2026-08-09 22:33:00
1288,2600,153.43,USD,2026-08-09 12:22:00
1289,4809,74.81,USD,2026-08-09 13:08:00
1290,9908,155.6,USD,2026-08-09 02:18:00
1291,1116,59.42,USD,2026-08-09 13:16:00
1292,1117,42.69,USD,2026-08-09 18:33:00
1293,6175,63.27,USD,2026-08-09 12:41:00
1294,7980,40.05,USD,2026-08-09 13:23:00
1295,9783,74.6,USD,2026-08-09 20:37:00
1296,5514,100.93,USD,2026-08-09 13:36:00
1297,7770,192.42,USD,2026-08-09 21:25:00
1298,3928,146.03,USD,2026-08-09 17:50:00
1299,5157,145.4,USD,2026-08-09 11:35:00
1300,7522,95.92,USD,2026-08-09 09:36:00
1301,2951,215.92,USD,2026-08-09 23:08:00
1302,3650,119.95,USD,2026-08-09 23:14:00
1303,6544,134.46,USD,2026-08-09 03:13:00
1304,1852,178.81,USD,2026-08-09 17:39:00
1305,1086,241.67,USD,2026-08-09 05:24:00
1306,8133,49.15,USD,2026-08-09 02:52:00
1307,7075,76.83,USD,2026-08-09 02:04:00
1308,7296,23.87,USD,2026-08-09 02:38:00
1309,5693,169.2,USD,2026-08-09 12:39:00
1310,3871,28.5,USD,2026-08-09 22:38:00
1311,4304,118.16,USD,2026-08-09 20:31:00
1312,5685,203.92,USD,2026-08-09 21:59:00
1313,9364,199.23,USD,2026-08-09 06:02:00
1314,3776,69.44,USD,2026-08-09 16:44:00
1315,1004,99.54,USD,2026-08-09 21:02:00
1316,7544,249.25,USD,2026-08-09 05:05:00
1317,4281,107.86,USD,2026-08-09 11:42:00
1318,2124,188.18,USD,2026-08-09 16:00:00
1319,6703,81.86,USD,2026-08-09 02:35:00
1320,4187,79.98,USD,2026-08-09 11:52:00
1321,1076,109.93,USD,2026-08-09 14:59:00
1322,2744,110.68,USD,2026-08-09 08:11:00
1323,6570,133.24,USD,2026-08-09 17:04:00
1324,5222,135.62,USD,2026-08-09 03:51:00
1325,5098,201.45,USD,2026-08-09 17:52:00
1326,8923,242.02,USD,2026-08-09 22:28:00
1327,8517,94.82,USD,2026-08-09 07:48:00
1328,1448,225.68,USD,2026-08-09 21:29:00
1329,7269,75.59,USD,2026-08-09 15:07:00
1330,4767,248.64,USD,2026-08-09 20:50:00
1331,9462,239.53,USD,2026-08-09 10:26:00
1332,5314,179.69,USD,2026-08-09 17:00:00
1333,6603,36.86,USD,2026-08-09 07:18:00
1334,8807,233.88,USD,2026-08-09 02:35:00
1335,5408,66.36,USD,2026-08-09 10:22:00
1336,4115,175.53,USD,2026-08-09 05:47:00
1337,4965,61.92,USD,2026-08-09 15:47:00
1338,5091,68.86,USD,2026-08-09 08:13:00
1339,2747,51.66,USD,2026-08-09 19:22:00
1340,9071,33.44,USD,2026-08-09 03:58:00
1341,9871,194.6,USD,2026-08-09 19:00:00
1342,6167,128.34,USD,2026-08-09 01:54:00
1343,5501,246.56,USD,2026-08-09 15:57:00
1344,9374,246.33,USD,2026-08-09 15:11:00
1345,3101,67.19,USD,2026-08-09 08:25:00
1346,8836,202.83,USD,2026-08-09 01:33:00
1347,7450,133.08,USD,2026-08-09 17:02:00
1348,2972,56.08,USD,2026-08-09 21:49:00
1349,1137,123.12,USD,2026-08-09 22:33:00
1350,2650,64.53,USD,2026-08-09 00:43:00
1351,5254,159.0,USD,2026-08-09 10:23:00
1352,5413,76.77,USD,2026-08-09 05:35:00
1353,4013,95.63,USD,2026-08-09 15:39:00
1354,7099,64.48,USD,2026-08-09 15:27:00
1355,8384,109.14,USD,2026-08-09 11:54:00
1356,4744,45.82,USD,2026-08-09 05:36:00
1357,4863,78.44,USD,2026-08-09 03:46:00
1358,4212,216.23,USD,2026-08-09 17:27:00
1359,3450,240.4,USD,2026-08-09 04:51:00
1360,7906,17.29,USD,2026-08-09 15:51:00
1361,9470,248.96,USD,2026-08-09 15:08:00
1362,8972,89.2,USD,2026-08-09 17:46:00
1363,1781,147.1,USD,2026-08-09 09:16:00
1364,1983,177.28,USD,2026-08-09 12:06:00
1365,2577,74.76,USD,2026-08-09 06:52:00
1366,6914,93.64,USD,2026-08-09 14:47:00
1367,5222,146.01,USD,2026-08-09 11:35:00
1368,6752,111.76,USD,2026-08-09 11:01:00
1369,9821,61.76,USD,2026-08-09 21:38:00
1370,6326,81.88,USD,2026-08-09 05:49:00
1371,8322,129.56,USD,2026-08-09 21:32:00
1372,8598,159.21,USD,2026-08-10 02:24:00
1373,6527,219.04,USD,2026-08-10 20:09:00
1374,7631,158.89,USD,2026-08-10 13:40:00
1375,4739,53.07,USD,2026-08-10 02:05:00
1376,5382,168.46,USD,2026-08-10 10:20:00
1377,8289,107.93,USD,2026-08-10 19:41:00
1378,8377,152.93,USD,2026-08-10 11:47:00
1379,1378,58.21,USD,2026-08-10 13:10:00
1380,5122,70.14,USD,2026-08-10 04:46:00
1381,4450,191.19,USD,2026-08-10 23:44:00
1382,2045,39.21,USD,2026-08-10 05:25:00
1383,7504,27.65,USD,2026-08-10 15:35:00
1384,2702,249.06,USD,2026-08-10 16:48:00
1385,7387,51.49,USD,2026-08-10 08:39:00
1386,5655,73.14,USD,2026-08-10 09:14:00
1387,9630,44.71,USD,2026-08-10 14:40:00
1388,6846,23.26,USD,2026-08-10 05:01:00
1389,9856,126.9,USD,2026-08-10 10:55:00
1390,9835,119.54,USD,2026-08-10 08:35:00
1391,8126,155.43,USD,2026-08-10 05:37:00
1392,6073,165.29,USD,2026-08-10 16:40:00
1393,2467,141.82,USD,2026-08-10 11:30:00
1394,5256,100.96,USD,2026-08-10 14:19:00
1395,9574,17.48,USD,2026-08-10 04:19:00
1396,9767,82.39,USD,2026-08-10 04:22:00
1397,8816,231.69,USD,2026-08-10 00:44:00
1398,5799,194.98,USD,2026-08-10 09:00:00
1399,9981,202.24,USD,2026-08-10 19:14:00
1400,8161,111.76,USD,2026-08-10 11:12:00
1401,7385,53.37,USD,2026-08-10 12:15:00
1402,7917,76.8,USD,2026-08-10 12:14:00
1403,5454,136.4,USD,2026-08-10 20:15:00
1404,5404,189.59,USD,2026-08-10 09:41:00
1405,3988,215.57,USD,2026-08-10 13:12:00
1406,8460,40.93,USD,2026-08-10 04:18:00
1407,9060,78.95,USD,2026-08-10 19:28:00
1408,1813,19.56,USD,2026-08-10 06:20:00
1409,2675,58.7,USD,2026-08-10 17:01:00
1410,8183,44.38,USD,2026-08-10 09:17:00
1411,3468,69.71,USD,2026-08-10 23:00:00
1412,7885,66.04,USD,2026-08-10 00:31:00
1413,7084,202.87,USD,2026-08-10 09:50:00
1414,6410,200.98,USD,2026-08-10 14:44:00
1415,3393,191.38,USD,2026-08-10 02:53:00
1416,2169,197.28,USD,2026-08-10 01:17:00
1417,5097,57.68,USD,2026-08-10 17:30:00
1418,5078,17.96,USD,2026-08-10 12:53:00
1419,5049,244.12,USD,2026-08-10 12:49:00
1420,2539,61.81,USD,2026-08-10 23:02:00
1421,8746,245.8,USD,2026-08-10 16:42:00
1422,6293,240.89,USD,2026-08-10 12:43:00
1423,9534,186.14,USD,2026-08-10 05:40:00
1424,5895,128.09,USD,2026-08-10 03:16:00
1425,4568,223.57,USD,2026-08-10 06:23:00
1426,6316,163.73,USD,2026-08-10 03:15:00
1427,2960,201.68,USD,2026-08-10 00:10:00
1428,1688,72.13,USD,2026-08-10 12:50:00
1429,3539,177.33,USD,2026-08-10 18:50:00
1430,3583,36.03,USD,2026-08-10 11:49:00
1431,6544,176.2,USD,2026-08-10 15:05:00
1432,3521,29.05,USD,2026-08-10 20:03:00
1433,3061,200.99,USD,2026-08-10 22:34:00
1434,6690,89.43,USD,2026-08-10 15:14:00
1435,7189,60.35,USD,2026-08-10 14:46:00
1436,1646,46.66,USD,2026-08-10 11:46:00
1437,5828,117.81,USD,2026-08-10 15:45:00
1438,4057,130.17,USD,2026-08-10 17:44:00
1439,8674,91.07,USD,2026-08-10 17:22:00
1440,3627,210.37,USD,2026-08-10 08:55:00
1441,5844,51.43,USD,2026-08-10 02:33:00
1442,1011,101.27,USD,2026-08-10 08:34:00
1443,4039,104.08,USD,2026-08-10 20:32:00
1444,4912,216.35,USD,2026-08-10 00:39:00
1445,9830,29.89,USD,2026-08-10 10:46:00
1446,9151,138.16,USD,2026-08-10 12:12:00
1447,6285,159.06,USD,2026-08-10 17:09:00
1448,2577,90.68,USD,2026-08-10 13:41:00
1449,3126,30.67,USD,2026-08-10 16:42:00
1450,2753,22.35,USD,2026-08-10 05:55:00
1451,7366,38.21,USD,2026-08-10 15:12:00
1452,5193,138.57,USD,2026-08-10 21:31:00
1453,2161,66.87,USD,2026-08-10 01:23:00
1454,9051,231.44,USD,2026-08-10 00:59:00
1455,1994,203.24,USD,2026-08-10 02:29:00
1456,7814,189.72,USD,2026-08-10 11:35:00
1457,5355,181.48,USD,2026-08-10 11:50:00
1458,5979,187.56,USD,2026-08-10 16:02:00
1459,2591,240.74,USD,2026-08-10 02:13:00
1460,7313,69.29,USD,2026-08-10 03:46:00
1461,5075,138.66,USD,2026-08-10 06:12:00
1462,7802,237.66,USD,2026-08-10 18:40:00
1463,6864,195.08,USD,2026-08-10 23:06:00
1464,7997,180.1,USD,2026-08-10 21:29:00
1465,7579,201.23,USD,2026-08-10 03:10:00
1466,9747,169.52,USD,2026-08-10 16:21:00
1467,6163,234.38,USD,2026-08-10 19:28:00
1468,7755,213.54,USD,2026-08-10 17:20:00
1469,6299,209.15,USD,2026-08-10 20:27:00
1470,4504,147.34,USD,2026-08-10 19:15:00
1471,5162,144.31,USD,2026-08-10 12:49:00
1472,7505,120.16,USD,2026-08-10 11:28:00
1473,5660,23.15,USD,2026-08-10 00:46:00
1474,5945,136.64,USD,2026-08-10 19:01:00
1475,4519,246.33,USD,2026-08-10 00:19:00
1476,5521,196.31,USD,2026-08-10 10:01:00
1477,3534,145.74,USD,2026-08-10 17:32:00
1478,3557,123.19,USD,2026-08-10 03:02:00
1479,5093,101.26,USD,2026-08-10 04:16:00
1480,2505,205.6,USD,2026-08-10 07:16:00
1481,4562,148.73,USD,2026-08-10 18:25:00
1482,8905,185.04,USD,2026-08-10 23:04:00
1483,2562,209.04,USD,2026-08-10 05:31:00
1484,7251,85.59,USD,2026-08-10 19:41:00
1485,6478,28.14,USD,2026-08-10 02:49:00
1486,7824,207.03,USD,2026-08-10 11:56:00
1487,1187,196.04,USD,2026-08-10 03:55:00
1488,1886,163.57,USD,2026-08-10 20:49:00
1489,9846,24.68,USD,2026-08-10 09:33:00
1490,4617,91.81,USD,2026-08-10 18:09:00
1491,7436,173.3,USD,2026-08-10 04:03:00
1492,9269,154.86,USD,2026-08-10 14:48:00
1493,7460,116.5,USD,2026-08-10 02:14:00
1494,8796,94.0,USD,2026-08-10 04:08:00
1495,7540,26.59,USD,2026-08-10 18:47:00
1496,8118,108.65,USD,2026-08-10 08:05:00
1497,8879,194.08,USD,2026-08-10 22:08:00
1498,4212,129.65,USD,2026-08-10 17:12:00
1499,9589,249.31,USD,2026-08-10 17:39:00
1500,8046,31.84,USD,2026-08-10 07:15:00
1501,2467,232.17,USD,2026-08-10 10:43:00
1502,6984,112.19,USD,2026-08-10 03:42:00
1503,1396,90.37,USD,2026-08-10 11:12:00
1504,8245,247.1,USD,2026-08-10 09:10:00
1505,4825,118.51,USD,2026-08-10 19:09:00
1506,2405,102.85,USD,2026-08-10 06:43:00
1507,3419,27.82,USD,2026-08-10 03:47:00
1508,2823,95.67,USD,2026-08-10 09:00:00
1509,6437,125.73,USD,2026-08-10 09:28:00
1510,4339,141.43,USD,2026-08-10 06:47:00
1511,9991,191.33,USD,2026-08-10 17:33:00
1512,3315,186.53,USD,2026-08-10 15:39:00
1513,7170,172.04,USD,2026-08-10 22:44:00
1514,1712,170.93,USD,2026-08-10 18:57:00
1515,4288,29.13,USD,2026-08-10 08:10:00
1516,8617,78.75,USD,2026-08-10 22:39:00
1517,5445,30.65,USD,2026-08-10 20:00:00
1518,6901,229.52,USD,2026-08-10 21:54:00
1519,7332,83.74,USD,2026-08-10 03:01:00
1520,2631,134.51,USD,2026-08-10 07:24:00
1521,9709,218.69,USD,2026-08-10 10:31:00
1522,8503,61.74,USD,2026-08-10 02:11:00
1523,1651,182.43,USD,2026-08-10 17:59:00
1524,6465,139.41,USD,2026-08-10 07:59:00
1525,1301,189.93,USD,2026-08-10 15:25:00
1526,5953,97.7,USD,2026-08-10 11:43:00
1527,2015,79.83,USD,2026-08-10 07:32:00
1528,1482,221.49,USD,2026-08-10 20:16:00
1529,6599,68.01,USD,2026-08-10 17:17:00
1530,7262,47.26,USD,2026-08-10 12:42:00
1531,4726,158.93,USD,2026-08-10 16:43:00
1532,7987,149.63,USD,2026-08-10 13:15:00
1533,8359,157.26,USD,2026-08-10 09:58:00
1534,3270,63.59,USD,2026-08-10 17:08:00
1535,3262,203.02,USD,2026-08-11 17:43:00
1536,9582,180.71,USD,2026-08-11 09:44:00
1537,3378,248.99,USD,2026-08-11 04:27:00
1538,3589,147.74,USD,2026-08-11 20:59:00
1539,2939,145.97,USD,2026-08-11 10:04:00
1540,3384,212.29,USD,2026-08-11 05:20:00
1541,7783,194.88,USD,2026-08-11 23:01:00
1542,5485,119.11,USD,2026-08-11 13:19:00
1543,3155,59.16,USD,2026-08-11 04:49:00
1544,5372,194.18,USD,2026-08-11 05:01:00
1545,4804,158.91,USD,2026-08-11 19:36:00
1546,2302,21.13,USD,2026-08-11 07:43:00
1547,9230,127.0,USD,2026-08-11 22:49:00
1548,7126,182.32,USD,2026-08-11 19:30:00
1549,8763,106.05,USD,2026-08-11 05:54:00
1550,1528,60.42,USD,2026-08-11 04:10:00
1551,5421,242.67,USD,2026-08-11 13:48:00
1552,4323,189.46,USD,2026-08-11 13:14:00
1553,8197,56.61,USD,2026-08-11 06:04:00
1554,8496,176.65,USD,2026-08-11 19:31:00
1555,1685,110.14,USD,2026-08-11 07:27:00
1556,6126,208.72,USD,2026-08-11 19:47:00
1557,9784,235.7,USD,2026-08-11 12:39:00
1558,1630,220.81,USD,2026-08-11 16:41:00
1559,1694,121.13,USD,2026-08-11 16:06:00
1560,1643,141.4,USD,2026-08-11 07:33:00
1561,1807,136.29,USD,2026-08-11 17:24:00
1562,5989,118.3,USD,2026-08-11 06:18:00
1563,5823,54.12,USD,2026-08-11 09:29:00
1564,9470,27.82,USD,2026-08-11 19:58:00
1565,8400,210.02,USD,2026-08-11 04:29:00
1566,3945,132.65,USD,2026-08-11 02:46:00
1567,3216,178.59,USD,2026-08-11 18:57:00
1568,1408,91.01,USD,2026-08-11 12:26:00
1569,4308,153.72,USD,2026-08-11 05:29:00
1570,3686,73.77,USD,2026-08-11 14:05:00
1571,2870,44.03,USD,2026-08-11 22:46:00
1572,2397,164.01,USD,2026-08-11 22:28:00
1573,9383,105.26,USD,2026-08-11 16:45:00
1574,7235,103.99,USD,2026-08-11 19:10:00
1575,6491,55.16,USD,2026-08-11 01:49:00
1576,3459,169.99,USD,2026-08-11 18:55:00
1577,1840,48.98,USD,2026-08-11 05:55:00
1578,8311,87.74,USD,2026-08-11 13:19:00
1579,3155,57.46,USD,2026-08-11 09:40:00
1580,5146,161.3,USD,2026-08-11 06:00:00
1581,9169,131.94,USD,2026-08-11 00:29:00
1582,9084,16.35,USD,2026-08-11 17:51:00
1583,8794,153.38,USD,2026-08-11 07:13:00
1584,1107,118.84,USD,2026-08-11 14:26:00
1585,4401,143.63,USD,2026-08-11 07:56:00
1586,6718,49.84,USD,2026-08-11 01:11:00
1587,5889,215.65,USD,2026-08-11 01:09:00
1588,2784,35.61,USD,2026-08-11 10:58:00
1589,5659,52.91,USD,2026-08-11 13:11:00
1590,3906,177.51,USD,2026-08-11 19:42:00
1591,1587,151.06,USD,2026-08-11 14:47:00
1592,7038,85.33,USD,2026-08-11 02:49:00
1593,8001,30.9,USD,2026-08-11 12:52:00
1594,3204,83.82,USD,2026-08-11 17:04:00
1595,6393,216.96,USD,2026-08-11 03:44:00
1596,4425,138.29,USD,2026-08-11 16:26:00
1597,9666,40.69,USD,2026-08-11 19:03:00
1598,5705,185.16,USD,2026-08-11 02:30:00
1599,5254,214.23,USD,2026-08-11 13:38:00
1600,6797,248.83,USD,2026-08-11 16:36:00
1601,9514,147.22,USD,2026-08-11 04:39:00
1602,3947,131.97,USD,2026-08-11 23:40:00
1603,4171,181.52,USD,2026-08-11 19:14:00
1604,2932,20.64,USD,2026-08-11 00:07:00
1605,7793,63.72,USD,2026-08-11 23:54:00
1606,4478,93.44,USD,2026-08-11 13:02:00
1607,5614,62.28,USD,2026-08-11 00:40:00
1608,5919,30.94,USD,2026-08-11 08:50:00
1609,1100,91.12,USD,2026-08-11 16:35:00
1610,7488,93.32,USD,2026-08-11 03:43:00
1611,1477,159.76,USD,2026-08-11 23:36:00
1612,6536,92.67,USD,2026-08-11 05:12:00
1613,1582,230.3,USD,2026-08-11 21:30:00
1614,8546,128.15,USD,2026-08-11 20:08:00
1615,7782,93.75,USD,2026-08-11 17:57:00
1616,5904,211.25,USD,2026-08-11 23:03:00
1617,9779,174.38,USD,2026-08-11 18:46:00
1618,6434,150.69,USD,2026-08-11 00:13:00
1619,5595,242.86,USD,2026-08-11 11:04:00
1620,9753,246.15,USD,2026-08-11 00:21:00
1621,4070,157.34,USD,2026-08-11 05:36:00
1622,6050,218.18,USD,2026-08-11 19:07:00
1623,1518,88.91,USD,2026-08-11 22:54:00
1624,4893,35.4,USD,2026-08-11 08:26:00
1625,5958,209.92,USD,2026-08-11 11:28:00
1626,2838,86.04,USD,2026-08-11 06:33:00
1627,4311,23.79,USD,2026-08-11 11:50:00
1628,8907,133.91,USD,2026-08-11 02:28:00
1629,8921,59.7,USD,2026-08-11 16:09:00
1630,6363,138.05,USD,2026-08-11 23:55:00
1631,9456,219.87,USD,2026-08-11 04:49:00
1632,1598,63.22,USD,2026-08-11 21:08:00
1633,9558,182.71,USD,2026-08-11 14:24:00
1634,1721,88.08,USD,2026-08-11 03:00:00
1635,2426,154.66,USD,2026-08-11 21:54:00
1636,2689,223.96,USD,2026-08-11 10:29:00
1637,6119,169.86,USD,2026-08-11 16:49:00
1638,4438,193.25,USD,2026-08-11 00:36:00
1639,5532,60.25,USD,2026-08-11 10:12:00
1640,2927,196.6,USD,2026-08-11 17:20:00
1641,2875,52.01,USD,2026-08-11 08:09:00
1642,2677,146.51,USD,2026-08-11 00:39:00
1643,6218,97.32,USD,2026-08-11 06:34:00
1644,5641,236.67,USD,2026-08-11 08:09:00
1645,6101,55.25,USD,2026-08-11 18:15:00
1646,8268,94.6,USD,2026-08-11 19:57:00
1647,1826,21.81,USD,2026-08-11 01:08:00
1648,7987,27.64,USD,2026-08-11 03:24:00
1649,8304,180.6,USD,2026-08-11 12:11:00
1650,4246,88.42,USD,2026-08-11 19:22:00
1651,9740,172.65,USD,2026-08-11 22:48:00
1652,8629,192.6,USD,2026-08-11 02:59:00
1653,8672,36.84,USD,2026-08-11 18:08:00
1654,8625,87.94,USD,2026-08-11 03:29:00
1655,3354,237.65,USD,2026-08-11 15:14:00
1656,7423,229.52,USD,2026-08-11 19:16:00
1657,6412,230.56,USD,2026-08-11 05:44:00
1658,2070,129.56,USD,2026-08-11 10:29:00
1659,8556,97.59,USD,2026-08-11 15:07:00
1660,3087,195.47,USD,2026-08-11 05:18:00
1661,2752,110.34,USD,2026-08-11 16:06:00
1662,5949,167.62,USD,2026-08-11 10:35:00
1663,7773,109.19,USD,2026-08-11 17:29:00
1664,3605,72.27,USD,2026-08-11 07:39:00
1665,4411,30.52,USD,2026-08-11 15:24:00
1666,8132,116.32,USD,2026-08-11 22:37:00
1667,4869,95.42,USD,2026-08-11 18:50:00
1668,8972,172.36,USD,2026-08-11 05:42:00
1669,6330,155.08,USD,2026-08-11 03:37:00
1670,3886,208.18,USD,2026-08-11 17:06:00
1671,2781,31.36,USD,2026-08-11 09:25:00
1672,7208,155.16,USD,2026-08-11 21:52:00
1673,2007,166.57,USD,2026-08-11 10:31:00
1674,1003,207.0,USD,2026-08-11 02:13:00
1675,9704,50.07,USD,2026-08-11 04:42:00
1676,8326,159.66,USD,2026-08-11 09:24:00
1677,6187,175.16,USD,2026-08-11 06:13:00
1678,5989,201.67,USD,2026-08-11 09:36:00
1679,6640,245.91,USD,2026-08-11 13:45:00
1680,9362,16.91,USD,2026-08-11 02:37:00
1681,5819,44.98,USD,2026-08-11 12:54:00
1682,1870,226.75,USD,2026-08-11 01:23:00
1683,6885,146.61,USD,2026-08-11 00:45:00
1684,1510,81.32,USD,2026-08-11 03:55:00
1685,7459,180.02,USD,2026-08-11 07:27:00
1686,7652,182.27,USD,2026-08-11 20:20:00
1687,3841,143.1,USD,2026-08-11 12:27:00
1688,6902,145.52,USD,2026-08-12 04:12:00
1689,3056,82.79,USD,2026-08-12 13:09:00
1690,1257,31.86,USD,2026-08-12 04:00:00
1691,8155,222.95,USD,2026-08-12 04:46:00
1692,7813,47.25,USD,2026-08-12 04:05:00
1693,7974,200.4,USD,2026-08-12 14:57:00
1694,7948,121.78,USD,2026-08-12 19:11:00
1695,6821,120.76,USD,2026-08-12 17:52:00
1696,1121,114.82,USD,2026-08-12 07:11:00
1697,4878,214.0,USD,2026-08-12 18:31:00
1698,9948,78.27,USD,2026-08-12 22:32:00
1699,1620,22.86,USD,2026-08-12 18:23:00
1700,2854,180.65,USD,2026-08-12 18:30:00
1701,2311,241.01,USD,2026-08-12 18:30:00
1702,5578,186.85,USD,2026-08-12 04:46:00
1703,2449,33.39,USD,2026-08-12 14:33:00
1704,2279,163.21,USD,2026-08-12 07:30:00
1705,6119,141.71,USD,2026-08-12 21:40:00
1706,9765,227.34,USD,2026-08-12 19:03:00
1707,8687,121.7,USD,2026-08-12 00:30:00
1708,6782,92.91,USD,2026-08-12 18:46:00
1709,5981,54.36,USD,2026-08-12 09:18:00
1710,2006,147.47,USD,2026-08-12 23:50:00
1711,1845,150.86,USD,2026-08-12 20:30:00
1712,1447,205.09,USD,2026-08-12 21:18:00
1713,9283,34.39,USD,2026-08-12 09:31:00
1714,5129,199.18,USD,2026-08-12 02:54:00
1715,5209,81.03,USD,2026-08-12 04:39:00
1716,3860,41.21,USD,2026-08-12 00:47:00
1717,8317,50.52,USD,2026-08-12 18:47:00
1718,4869,56.22,USD,2026-08-12 11:51:00
1719,1542,202.85,USD,2026-08-12 15:11:00
1720,3525,242.33,USD,2026-08-12 10:05:00
1721,7277,248.49,USD,2026-08-12 15:48:00
1722,3740,118.44,USD,2026-08-12 07:42:00
1723,6653,187.57,USD,2026-08-12 06:36:00
1724,2900,77.13,USD,2026-08-12 01:41:00
1725,8802,124.04,USD,2026-08-12 01:10:00
1726,9724,190.35,USD,2026-08-12 09:30:00
1727,7390,175.62,USD,2026-08-12 07:24:00
1728,8122,49.11,USD,2026-08-12 15:16:00
1729,8353,232.9,USD,2026-08-12 00:18:00
1730,9687,89.19,USD,2026-08-12 12:43:00
1731,9704,37.88,USD,2026-08-12 21:02:00
1732,8074,239.7,USD,2026-08-12 20:22:00
1733,5466,168.24,USD,2026-08-12 19:58:00
1734,2610,77.77,USD,2026-08-12 10:17:00
1735,8554,152.28,USD,2026-08-12 08:41:00
1736,4193,71.82,USD,2026-08-12 21:47:00
1737,3947,174.26,USD,2026-08-12 16:21:00
1738,1138,17.49,USD,2026-08-12 10:35:00
1739,9605,111.64,USD,2026-08-12 02:00:00
1740,4594,119.8,USD,2026-08-12 03:43:00
1741,1557,74.2,USD,2026-08-12 23:18:00
1742,4552,36.61,USD,2026-08-12 00:39:00
1743,2965,43.62,USD,2026-08-12 19:40:00
1744,7159,157.1,USD,2026-08-12 02:54:00
1745,4027,226.48,USD,2026-08-12 21:48:00
1746,5826,58.3,USD,2026-08-12 03:44:00
1747,8429,235.0,USD,2026-08-12 14:42:00
1748,6298,115.34,USD,2026-08-12 08:49:00
1749,5543,198.47,USD,2026-08-12 08:10:00
1750,1984,106.32,USD,2026-08-12 01:24:00
1751,8218,77.2,USD,2026-08-12 08:52:00
1752,4287,245.16,USD,2026-08-12 02:31:00
1753,9061,56.93,USD,2026-08-12 19:25:00
1754,8065,142.05,USD,2026-08-12 03:09:00
1755,8234,166.18,USD,2026-08-12 06:39:00
1756,2194,39.27,USD,2026-08-12 22:16:00
1757,8305,185.97,USD,2026-08-12 02:36:00
1758,1014,131.96,USD,2026-08-12 00:57:00
1759,3483,106.76,USD,2026-08-12 01:42:00
1760,1060,227.59,USD,2026-08-12 22:21:00
1761,9039,235.88,USD,2026-08-12 16:45:00
1762,2148,109.92,USD,2026-08-12 15:27:00
1763,8898,15.78,USD,2026-08-12 17:14:00
1764,6880,140.8,USD,2026-08-12 03:36:00
1765,1904,86.16,USD,2026-08-12 10:43:00
1766,9759,36.31,USD,2026-08-12 20:41:00
1767,5750,212.68,USD,2026-08-12 10:05:00
1768,1644,56.51,USD,2026-08-12 20:12:00
1769,7391,59.89,USD,2026-08-12 12:42:00
1770,8970,176.88,USD,2026-08-12 03:40:00
1771,4104,163.71,USD,2026-08-12 02:56:00
1772,4907,60.38,USD,2026-08-12 04:02:00
1773,9856,29.8,USD,2026-08-12 15:24:00
1774,8361,132.43,USD,2026-08-12 20:19:00
1775,6533,94.73,USD,2026-08-12 00:02:00
1776,4468,110.29,USD,2026-08-12 23:02:00
1777,9791,137.93,USD,2026-08-12 20:42:00
1778,2180,151.15,USD,2026-08-12 04:47:00
1779,1312,48.27,USD,2026-08-12 01:47:00
1780,1750,230.73,USD,2026-08-12 15:58:00
1781,1235,167.46,USD,2026-08-12 07:44:00
1782,6035,26.74,USD,2026-08-12 05:40:00
1783,2047,158.64,USD,2026-08-12 03:29:00
1784,4613,131.83,USD,2026-08-12 03:07:00
1785,6527,62.62,USD,2026-08-12 02:51:00
1786,2979,109.47,USD,2026-08-12 23:43:00
1787,6268,143.28,USD,2026-08-12 21:36:00
1788,3841,25.71,USD,2026-08-12 06:48:00
1789,3314,43.38,USD,2026-08-12 10:04:00
1790,3703,178.63,USD,2026-08-12 13:10:00
1791,1666,232.53,USD,2026-08-12 14:15:00
1792,7162,200.9,USD,2026-08-12 04:06:00
1793,2322,221.71,USD,2026-08-12 05:01:00
1794,2460,57.16,USD,2026-08-12 00:00:00
1795,5648,154.53,USD,2026-08-12 22:41:00
1796,8798,204.74,USD,2026-08-12 13:44:00
1797,5439,63.45,USD,2026-08-12 22:08:00
1798,3859,111.83,USD,2026-08-12 16:28:00
1799,3949,23.84,USD,2026-08-12 19:44:00
1800,2442,158.83,USD,2026-08-12 22:31:00
1801,6699,198.91,USD,2026-08-12 20:52:00
1802,4144,146.06,USD,2026-08-12 13:00:00
1803,6929,244.55,USD,2026-08-12 03:33:00
1804,4409,66.53,USD,2026-08-12 17:32:00
1805,3444,60.52,USD,2026-08-12 08:03:00
1806,8772,242.61,USD,2026-08-12 21:54:00
1807,1706,52.54,USD,2026-08-12 15:11:00
1808,4433,100.59,USD,2026-08-12 01:41:00
1809,8424,93.56,USD,2026-08-12 13:16:00
1810,9804,189.0,USD,2026-08-12 01:06:00
1811,8947,199.59,USD,2026-08-12 05:10:00
1812,4855,31.65,USD,2026-08-12 16:07:00
1813,6340,154.29,USD,2026-08-12 23:28:00
1814,6336,190.57,USD,2026-08-12 13:12:00
1815,4731,40.88,USD,2026-08-12 07:49:00
1816,4276,188.37,USD,2026-08-12 03:15:00
1817,8716,66.86,USD,2026-08-12 12:57:00
1818,8141,27.77,USD,2026-08-12 18:31:00
1819,8454,233.05,USD,2026-08-12 04:13:00
1820,8499,102.77,USD,2026-08-12 05:24:00
1821,5418,163.52,USD,2026-08-12 23:12:00
1822,1977,44.89,USD,2026-08-12 06:21:00
1823,8627,41.11,USD,2026-08-12 08:08:00
1824,6629,55.23,USD,2026-08-12 14:26:00
1825,3568,84.36,USD,2026-08-12 07:56:00
1826,4763,227.81,USD,2026-08-12 20:39:00
1827,9015,216.39,USD,2026-08-12 02:26:00
1828,8581,126.27,USD,2026-08-12 06:37:00
1829,5041,186.55,USD,2026-08-12 08:00:00
1830,4643,117.05,USD,2026-08-12 07:20:00
1831,1083,229.73,USD,2026-08-12 18:09:00
1832,8711,24.41,USD,2026-08-12 13:02:00
1833,7974,133.49,USD,2026-08-12 23:49:00
1834,2605,127.63,USD,2026-08-12 16:25:00
1835,1203,71.52,USD,2026-08-12 14:31:00
1836,4571,110.56,USD,2026-08-12 22:46:00
1837,2486,84.51,USD,2026-08-12 04:22:00
1838,8524,86.64,USD,2026-08-13 15:42:00
1839,8452,152.16,USD,2026-08-13 18:47:00
1840,7641,47.58,USD,2026-08-13 14:49:00
1841,8607,219.81,USD,2026-08-13 05:50:00
1842,2158,15.32,USD,2026-08-13 22:40:00
1843,9698,177.33,USD,2026-08-13 12:57:00
1844,5420,115.09,USD,2026-08-13 01:18:00
1845,4393,142.47,USD,2026-08-13 22:39:00
1846,6500,160.81,USD,2026-08-13 21:05:00
1847,6963,27.88,USD,2026-08-13 23:59:00
1848,8624,104.99,USD,2026-08-13 01:07:00
1849,3871,100.91,USD,2026-08-13 19:02:00
1850,4354,180.65,USD,2026-08-13 20:35:00
1851,2860,71.08,USD,2026-08-13 04:21:00
1852,4437,188.28,USD,2026-08-13 20:30:00
1853,6778,67.98,USD,2026-08-13 23:48:00
1854,5540,174.85,USD,2026-08-13 08:32:00
1855,8412,102.61,USD,2026-08-13 01:04:00
1856,3010,138.77,USD,2026-08-13 15:32:00
1857,9730,140.0,USD,2026-08-13 15:45:00
1858,2075,160.92,USD,2026-08-13 09:28:00
1859,2430,222.74,USD,2026-08-13 06:57:00
1860,5724,226.02,USD,2026-08-13 02:25:00
1861,2835,53.72,USD,2026-08-13 02:06:00
1862,4346,131.64,USD,2026-08-13 22:09:00
1863,7824,20.33,USD,2026-08-13 16:40:00
1864,8764,233.95,USD,2026-08-13 21:34:00
1865,1351,119.31,USD,2026-08-13 11:26:00
1866,4806,29.79,USD,2026-08-13 09:12:00
1867,6616,93.93,USD,2026-08-13 16:41:00
1868,8965,199.9,USD,2026-08-13 20:41:00
1869,9986,178.76,USD,2026-08-13 18:42:00
1870,3161,86.46,USD,2026-08-13 14:29:00
1871,4715,200.48,USD,2026-08-13 09:10:00
1872,1775,243.12,USD,2026-08-13 15:23:00
1873,3725,81.83,USD,2026-08-13 04:22:00
1874,9770,52.79,USD,2026-08-13 19:59:00
1875,3514,243.7,USD,2026-08-13 09:11:00
1876,6187,42.48,USD,2026-08-13 05:15:00
1877,7056,118.61,USD,2026-08-13 18:08:00
1878,1568,147.18,USD,2026-08-13 05:13:00
1879,3423,244.84,USD,2026-08-13 21:20:00
1880,3663,141.87,USD,2026-08-13 11:28:00
1881,1408,43.55,USD,2026-08-13 17:19:00
1882,3381,132.36,USD,2026-08-13 12:59:00
1883,1070,90.25,USD,2026-08-13 14:59:00
1884,6427,244.27,USD,2026-08-13 23:34:00
1885,5748,84.46,USD,2026-08-13 20:45:00
1886,8243,49.56,USD,2026-08-13 18:42:00
1887,8847,41.39,USD,2026-08-13 10:44:00
1888,2914,174.33,USD,2026-08-13 01:08:00
1889,4610,109.38,USD,2026-08-13 09:01:00
1890,1901,36.73,USD,2026-08-13 14:22:00
1891,9625,60.86,USD,2026-08-13 19:41:00
1892,5553,234.88,USD,2026-08-13 07:50:00
1893,8298,34.64,USD,2026-08-13 06:01:00
1894,9385,240.04,USD,2026-08-13 21:42:00
1895,9381,130.26,USD,2026-08-13 12:12:00
1896,7513,171.69,USD,2026-08-13 01:58:00
1897,7056,215.64,USD,2026-08-13 04:45:00
1898,6651,17.86,USD,2026-08-13 12:23:00
1899,2435,244.72,USD,2026-08-13 11:19:00
1900,7809,223.63,USD,2026-08-13 06:46:00
1901,7944,53.49,USD,2026-08-13 14:18:00
1902,2410,112.34,USD,2026-08-13 23:57:00
1903,9606,86.26,USD,2026-08-13 04:13:00
1904,7156,234.29,USD,2026-08-13 10:04:00
1905,5478,111.22,USD,2026-08-13 02:00:00
1906,3243,145.62,USD,2026-08-13 13:11:00
1907,5742,210.59,USD,2026-08-13 06:11:00
1908,5947,24.92,USD,2026-08-13 17:31:00
1909,8593,131.11,USD,2026-08-13 18:19:00
1910,3523,200.94,USD,2026-08-13 07:01:00
1911,8742,239.67,USD,2026-08-13 08:19:00
1912,5713,171.49,USD,2026-08-13 03:41:00
1913,5009,130.59,USD,2026-08-13 13:11:00
1914,9078,194.71,USD,2026-08-13 00:07:00
1915,8872,190.21,USD,2026-08-13 02:38:00
1916,8799,219.06,USD,2026-08-13 18:27:00
1917,9397,43.1,USD,2026-08-13 22:52:00
1918,5252,19.12,USD,2026-08-13 23:36:00
1919,6237,28.75,USD,2026-08-13 05:37:00
1920,6855,177.92,USD,2026-08-13 14:56:00
1921,7873,79.08,USD,2026-08-13 05:03:00
1922,1798,239.46,USD,2026-08-13 20:58:00
1923,2258,139.46,USD,2026-08-13 09:18:00
1924,4002,195.11,USD,2026-08-13 16:12:00
1925,9908,191.87,USD,2026-08-13 03:38:00
1926,5932,89.31,USD,2026-08-13 10:55:00
1927,6939,179.02,USD,2026-08-13 08:43:00
1928,3354,151.31,USD,2026-08-13 03:34:00
1929,7111,136.77,USD,2026-08-13 00:08:00
1930,3671,94.97,USD,2026-08-13 15:26:00
1931,4622,51.32,USD,2026-08-13 03:13:00
1932,9612,225.81,USD,2026-08-13 06:50:00
1933,2867,144.51,USD,2026-08-13 17:45:00
1934,2909,230.27,USD,2026-08-13 13:29:00
1935,6705,19.08,USD,2026-08-13 04:59:00
1936,8240,100.2,USD,2026-08-13 09:44:00
1937,6604,194.44,USD,2026-08-13 19:33:00
1938,2943,86.6,USD,2026-08-13 05:45:00
1939,3332,216.35,USD,2026-08-13 07:08:00
1940,4438,87.25,USD,2026-08-13 22:14:00
1941,2830,114.83,USD,2026-08-13 04:05:00
1942,8065,197.05,USD,2026-08-13 02:01:00
1943,9412,40.34,USD,2026-08-13 01:12:00
1944,5145,125.23,USD,2026-08-13 18:03:00
1945,1168,85.89,USD,2026-08-13 01:04:00
1946,4365,44.09,USD,2026-08-13 03:50:00
1947,6759,62.01,USD,2026-08-13 18:57:00
1948,5544,49.21,USD,2026-08-13 00:05:00
1949,9202,97.77,USD,2026-08-13 18:22:00
1950,2119,71.83,USD,2026-08-13 23:39:00
1951,1229,150.86,USD,2026-08-13 03:52:00
1952,5617,183.22,USD,2026-08-13 16:13:00
1953,1070,192.19,USD,2026-08-13 05:57:00
1954,9260,232.19,USD,2026-08-13 23:06:00
1955,4033,101.12,USD,2026-08-13 22:30:00
1956,3963,240.07,USD,2026-08-13 14:43:00
1957,9425,114.66,USD,2026-08-13 11:24:00
1958,6149,41.52,USD,2026-08-13 07:26:00
1959,3226,40.92,USD,2026-08-13 03:29:00
1960,5723,99.89,USD,2026-08-13 15:48:00
1961,6375,24.54,USD,2026-08-13 17:46:00
1962,8486,105.42,USD,2026-08-13 15:07:00
1963,8273,88.32,USD,2026-08-13 19:47:00
1964,8011,110.71,USD,2026-08-13 07:35:00
1965,8793,31.36,USD,2026-08-13 06:54:00
1966,9055,57.13,USD,2026-08-13 21:23:00
1967,9563,108.15,USD,2026-08-13 21:06:00
1968,3348,34.98,USD,2026-08-13 21:43:00
1969,2666,178.33,USD,2026-08-13 12:25:00
1970,3764,224.72,USD,2026-08-13 23:59:00
1971,6548,244.17,USD,2026-08-13 02:23:00
1972,7623,213.35,USD,2026-08-13 06:38:00
1973,9177,114.81,USD,2026-08-14 07:53:00
1974,5472,182.67,USD,2026-08-14 08:48:00
1975,7626,98.68,USD,2026-08-14 20:25:00
1976,8448,80.54,USD,2026-08-14 15:32:00
1977,9147,73.91,USD,2026-08-14 03:07:00
1978,1486,236.46,USD,2026-08-14 07:40:00
1979,2117,27.42,USD,2026-08-14 03:47:00
1980,3934,21.29,USD,2026-08-14 15:43:00
1981,3502,174.61,USD,2026-08-14 12:38:00
1982,2253,161.46,USD,2026-08-14 09:39:00
1983,9064,137.19,USD,2026-08-14 21:48:00
1984,9157,83.99,USD,2026-08-14 14:12:00
1985,6629,76.49,USD,2026-08-14 15:32:00
1986,1517,19.15,USD,2026-08-14 17:34:00
1987,7285,230.01,USD,2026-08-14 13:56:00
1988,8250,215.43,USD,2026-08-14 14:20:00
1989,5965,22.72,USD,2026-08-14 14:02:00
1990,3203,130.5,USD,2026-08-14 22:10:00
1991,2792,106.43,USD,2026-08-14 09:45:00
1992,9837,130.28,USD,2026-08-14 18:43:00
1993,3560,126.84,USD,2026-08-14 18:30:00
1994,9105,106.98,USD,2026-08-14 16:03:00
1995,6779,159.98,USD,2026-08-14 18:24:00
1996,1739,29.43,USD,2026-08-14 09:20:00
1997,1440,101.11,USD,2026-08-14 04:53:00
1998,8014,104.43,USD,2026-08-14 20:21:00
1999,1924,111.8,USD,2026-08-14 11:22:00
2000,6113,73.19,USD,2026-08-14 21:15:00
2001,2073,228.94,USD,2026-08-14 18:05:00
2002,1322,94.33,USD,2026-08-14 09:07:00
2003,7921,23.78,USD,2026-08-14 17:20:00
2004,5368,226.83,USD,2026-08-14 18:32:00
2005,1364,125.38,USD,2026-08-14 00:44:00
2006,6282,149.03,USD,2026-08-14 10:24:00
2007,2639,204.96,USD,2026-08-14 18:06:00
2008,9138,63.39,USD,2026-08-14 22:43:00
2009,6563,194.75,USD,2026-08-14 16:51:00
2010,8143,85.39,USD,2026-08-14 05:39:00
2011,2234,164.33,USD,2026-08-14 06:31:00
2012,1778,82.53,USD,2026-08-14 17:13:00
2013,4700,109.48,USD,2026-08-14 09:36:00
2014,2552,240.12,USD,2026-08-14 19:47:00
2015,9700,79.24,USD,2026-08-14 18:21:00
2016,2256,64.29,USD,2026-08-14 15:27:00
2017,5913,85.93,USD,2026-08-14 20:52:00
2018,4278,141.89,USD,2026-08-14 13:42:00
2019,9443,74.05,USD,2026-08-14 13:25:00
2020,3958,194.41,USD,2026-08-14 14:42:00
2021,4056,180.28,USD,2026-08-14 00:40:00
2022,8656,65.04,USD,2026-08-14 18:31:00
2023,8106,164.91,USD,2026-08-14 08:59:00
2024,9556,162.29,USD,2026-08-14 18:46:00
2025,4938,123.68,USD,2026-08-14 06:23:00
2026,5919,176.05,USD,2026-08-14 04:47:00
2027,2055,89.88,USD,2026-08-14 13:26:00
2028,5373,213.8,USD,2026-08-14 20:13:00
2029,4868,52.74,USD,2026-08-14 09:41:00
2030,4144,41.69,USD,2026-08-14 12:15:00
2031,6087,202.31,USD,2026-08-14 00:15:00
2032,8145,146.56,USD,2026-08-14 14:31:00
2033,4309,227.83,USD,2026-08-14 13:41:00
2034,5233,47.06,USD,2026-08-14 05:17:00
2035,1691,144.42,USD,2026-08-14 08:42:00
2036,1906,198.82,USD,2026-08-14 23:31:00
2037,2041,156.38,USD,2026-08-14 02:20:00
2038,2479,100.41,USD,2026-08-14 13:57:00
2039,3302,185.2,USD,2026-08-14 12:53:00
2040,9196,149.18,USD,2026-08-14 07:07:00
2041,9605,171.09,USD,2026-08-14 03:33:00
2042,4900,222.87,USD,2026-08-14 08:31:00
2043,6134,196.7,USD,2026-08-14 19:07:00
2044,7388,152.32,USD,2026-08-14 10:53:00
2045,7928,70.45,USD,2026-08-14 23:47:00
2046,4507,40.1,USD,2026-08-14 06:09:00
2047,1916,110.97,USD,2026-08-14 08:28:00
2048,2850,103.06,USD,2026-08-14 15:34:00
2049,5036,114.59,USD,2026-08-14 10:34:00
2050,3374,199.3,USD,2026-08-14 08:56:00
2051,6049,183.18,USD,2026-08-14 11:30:00
2052,1570,242.2,USD,2026-08-14 00:41:00
2053,1895,202.75,USD,2026-08-14 23:42:00
2054,4926,200.37,USD,2026-08-14 22:58:00
2055,6945,105.4,USD,2026-08-14 08:35:00
2056,4872,140.7,USD,2026-08-14 21:07:00
2057,7438,16.85,USD,2026-08-14 14:24:00
2058,4857,36.21,USD,2026-08-14 08:19:00
2059,3625,216.96,USD,2026-08-14 09:13:00
2060,7656,89.54,USD,2026-08-14 14:40:00
2061,9055,218.61,USD,2026-08-14 01:17:00
2062,6451,112.05,USD,2026-08-14 15:47:00
2063,2644,221.04,USD,2026-08-14 22:27:00
2064,2087,76.33,USD,2026-08-14 05:44:00
2065,9973,156.5,USD,2026-08-14 11:26:00
2066,1448,121.52,USD,2026-08-14 23:20:00
2067,8264,165.77,USD,2026-08-14 01:41:00
2068,4278,15.72,USD,2026-08-14 20:08:00
2069,2347,88.72,USD,2026-08-14 20:19:00
2070,3131,73.66,USD,2026-08-14 03:10:00
2071,6233,111.42,USD,2026-08-14 19:43:00
2072,3187,220.27,USD,2026-08-14 14:30:00
2073,6367,176.55,USD,2026-08-14 08:11:00
2074,7022,34.83,USD,2026-08-14 09:12:00
2075,4677,220.95,USD,2026-08-14 05:25:00
2076,4747,231.93,USD,2026-08-14 00:01:00
2077,3764,61.59,USD,2026-08-14 02:29:00
2078,5262,160.23,USD,2026-08-14 01:25:00
2079,3787,240.14,USD,2026-08-14 04:05:00
2080,9615,18.32,USD,2026-08-14 18:07:00
2081,8433,231.2,USD,2026-08-14 13:49:00
2082,4328,42.85,USD,2026-08-14 21:31:00
2083,5361,206.15,USD,2026-08-14 06:55:00
2084,3133,131.13,USD,2026-08-14 09:47:00
2085,4531,63.55,USD,2026-08-14 13:54:00
2086,7853,174.14,USD,2026-08-14 09:46:00
2087,1471,201.23,USD,2026-08-14 05:26:00
2088,8388,70.34,USD,2026-08-14 09:16:00
2089,8506,151.98,USD,2026-08-14 07:23:00
2090,6296,125.19,USD,2026-08-14 02:00:00
2091,7283,176.41,USD,2026-08-14 22:25:00
2092,5198,187.98,USD,2026-08-14 22:27:00
2093,1853,145.89,USD,2026-08-14 02:06:00
2094,6804,70.19,USD,2026-08-14 10:59:00
2095,1745,242.29,USD,2026-08-14 19:42:00
2096,7241,133.57,USD,2026-08-14 00:16:00
2097,3166,172.75,USD,2026-08-14 09:25:00
2098,5264,151.41,USD,2026-08-14 17:02:00
2099,6557,130.82,USD,2026-08-14 05:32:00
2100,9690,36.07,USD,2026-08-14 14:08:00
2101,6132,76.2,USD,2026-08-14 13:09:00
2102,5603,132.31,USD,2026-08-14 01:08:00
2103,5635,232.67,USD,2026-08-14 23:23:00
2104,5321,209.95,USD,2026-08-14 08:39:00
2105,3703,117.41,USD,2026-08-14 16:20:00
2106,3478,248.72,USD,2026-08-14 10:47:00
2107,8208,231.87,USD,2026-08-14 17:54:00
2108,4766,49.93,USD,2026-08-14 01:12:00
2109,3679,125.51,USD,2026-08-14 05:02:00
2110,9108,117.56,USD,2026-08-14 22:29:00
2111,8949,247.37,USD,2026-08-15 14:22:00
2112,3425,41.44,USD,2026-08-15 14:31:00
2113,5654,36.99,USD,2026-08-15 03:22:00
2114,9335,54.55,USD,2026-08-15 05:53:00
2115,4479,224.36,USD,2026-08-15 08:36:00
2116,3958,138.61,USD,2026-08-15 18:00:00
2117,9161,33.06,USD,2026-08-15 13:58:00
2118,1425,223.53,USD,2026-08-15 21:06:00
2119,2998,245.61,USD,2026-08-15 09:43:00
2120,2737,153.73,USD,2026-08-15 12:23:00
2121,8540,21.79,USD,2026-08-15 10:09:00
2122,5412,127.77,USD,2026-08-15 22:42:00
2123,1718,16.36,USD,2026-08-15 19:42:00
2124,6323,238.46,USD,2026-08-15 20:39:00
2125,3118,228.12,USD,2026-08-15 23:46:00
2126,5635,26.44,USD,2026-08-15 06:55:00
2127,2158,28.05,USD,2026-08-15 10:51:00
2128,7534,104.63,USD,2026-08-15 17:38:00
2129,7535,71.42,USD,2026-08-15 08:11:00
2130,3669,215.3,USD,2026-08-15 02:01:00
2131,3525,109.56,USD,2026-08-15 12:49:00
2132,8083,130.35,USD,2026-08-15 03:19:00
2133,3151,231.6,USD,2026-08-15 23:51:00
2134,7020,37.59,USD,2026-08-15 11:42:00
2135,7358,130.06,USD,2026-08-15 16:12:00
2136,7931,147.32,USD,2026-08-15 15:17:00
2137,7033,114.3,USD,2026-08-15 02:48:00
2138,7979,117.01,USD,2026-08-15 19:11:00
2139,8594,135.64,USD,2026-08-15 02:02:00
2140,3540,167.19,USD,2026-08-15 21:14:00
2141,9596,162.95,USD,2026-08-15 15:33:00
2142,2297,125.03,USD,2026-08-15 02:18:00
2143,3093,49.92,USD,2026-08-15 15:19:00
2144,5073,85.6,USD,2026-08-15 21:57:00
2145,1781,84.44,USD,2026-08-15 16:27:00
2146,9411,230.57,USD,2026-08-15 17:04:00
2147,2548,114.85,USD,2026-08-15 03:32:00
2148,5151,184.27,USD,2026-08-15 14:42:00
2149,9248,152.61,USD,2026-08-15 11:16:00
2150,8583,189.02,USD,2026-08-15 00:07:00
2151,7438,57.82,USD,2026-08-15 05:50:00
2152,5876,112.82,USD,2026-08-15 01:05:00
2153,8371,185.16,USD,2026-08-15 10:37:00
2154,4066,77.29,USD,2026-08-15 19:51:00
2155,5248,33.38,USD,2026-08-15 06:11:00
2156,1293,116.94,USD,2026-08-15 21:06:00
2157,3813,42.42,USD,2026-08-15 00:25:00
2158,7637,123.14,USD,2026-08-15 20:30:00
2159,8974,156.44,USD,2026-08-15 21:47:00
2160,6910,206.09,USD,2026-08-15 09:39:00
2161,7471,241.34,USD,2026-08-15 22:43:00
2162,1227,44.4,USD,2026-08-15 09:05:00
2163,4083,206.75,USD,2026-08-15 06:07:00
2164,3378,128.06,USD,2026-08-15 00:13:00
2165,9824,117.41,USD,2026-08-15 20:15:00
2166,8592,85.72,USD,2026-08-15 06:05:00
2167,2908,114.14,USD,2026-08-15 04:30:00
2168,8295,50.82,USD,2026-08-15 05:57:00
2169,8364,19.61,USD,2026-08-15 15:30:00
2170,7418,62.31,USD,2026-08-15 18:15:00
2171,8074,16.85,USD,2026-08-15 01:21:00
2172,5764,131.49,USD,2026-08-15 13:54:00
2173,9410,108.92,USD,2026-08-15 01:31:00
2174,8993,158.7,USD,2026-08-15 18:46:00
2175,1311,29.27,USD,2026-08-15 07:45:00
2176,2040,89.22,USD,2026-08-15 13:36:00
2177,8755,167.35,USD,2026-08-15 08:57:00
2178,6681,161.33,USD,2026-08-15 03:31:00
2179,3643,117.51,USD,2026-08-15 14:44:00
2180,6633,60.17,USD,2026-08-15 09:46:00
2181,6556,134.29,USD,2026-08-15 14:14:00
2182,8675,212.98,USD,2026-08-15 19:54:00
2183,7395,83.95,USD,2026-08-15 04:56:00
2184,6902,236.18,USD,2026-08-15 13:53:00
2185,3654,243.17,USD,2026-08-15 15:51:00
2186,2412,81.38,USD,2026-08-15 19:13:00
2187,4268,45.34,USD,2026-08-15 21:30:00
2188,7815,130.66,USD,2026-08-15 05:38:00
2189,1770,70.16,USD,2026-08-15 15:19:00
2190,6849,222.01,USD,2026-08-15 00:22:00
2191,9248,56.06,USD,2026-08-15 21:10:00
2192,8055,29.96,USD,2026-08-15 01:51:00
2193,4671,68.27,USD,2026-08-15 03:39:00
2194,6820,248.51,USD,2026-08-15 15:16:00
2195,5382,221.26,USD,2026-08-15 01:49:00
2196,9444,177.18,USD,2026-08-15 04:54:00
2197,1826,39.47,USD,2026-08-15 19:42:00
2198,2817,122.43,USD,2026-08-15 14:51:00
2199,2669,158.48,USD,2026-08-15 03:50:00
2200,3736,134.22,USD,2026-08-15 17:02:00
2201,6925,219.65,USD,2026-08-15 20:07:00
2202,8233,83.65,USD,2026-08-15 05:46:00
2203,2626,187.15,USD,2026-08-15 16:31:00
2204,3257,100.48,USD,2026-08-15 04:41:00
2205,7811,62.44,USD,2026-08-15 03:54:00
2206,8760,211.18,USD,2026-08-15 00:15:00
2207,2396,133.68,USD,2026-08-15 10:18:00
2208,7799,183.07,USD,2026-08-15 08:23:00
2209,3483,171.27,USD,2026-08-15 11:40:00
2210,3260,200.0,USD,2026-08-15 16:26:00
2211,8516,230.73,USD,2026-08-15 13:26:00
2212,1487,175.32,USD,2026-08-15 16:50:00
2213,9476,195.99,USD,2026-08-15 14:09:00
2214,7580,94.5,USD,2026-08-15 02:05:00
2215,1607,29.45,USD,2026-08-15 05:27:00
2216,1947,165.74,USD,2026-08-15 21:59:00
2217,9516,202.78,USD,2026-08-15 20:45:00
2218,5986,109.47,USD,2026-08-15 09:26:00
2219,6638,88.72,USD,2026-08-15 23:47:00
2220,9647,80.75,USD,2026-08-15 00:52:00
2221,7618,49.51,USD,2026-08-15 19:58:00
2222,9919,63.21,USD,2026-08-15 14:41:00
2223,8244,160.27,USD,2026-08-15 19:50:00
2224,7627,223.6,USD,2026-08-15 22:22:00
2225,1605,85.86,USD,2026-08-15 06:56:00
2226,3064,106.65,USD,2026-08-15 17:21:00
2227,2520,81.72,USD,2026-08-15 16:34:00
2228,6582,88.38,USD,2026-08-15 16:35:00
2229,9846,20.5,USD,2026-08-15 20:10:00
2230,5979,71.71,USD,2026-08-15 18:16:00
2231,2809,246.93,USD,2026-08-15 23:27:00
2232,5255,212.77,USD,2026-08-15 23:03:00
2233,1782,98.3,USD,2026-08-15 20:32:00
2234,1085,120.45,USD,2026-08-15 20:07:00
2235,9737,245.99,USD,2026-08-15 14:21:00
2236,5661,97.33,USD,2026-08-15 19:14:00
2237,3293,206.54,USD,2026-08-15 21:50:00
2238,5057,137.12,USD,2026-08-15 22:24:00
2239,4154,136.37,USD,2026-08-15 03:20:00
2240,7974,38.03,USD,2026-08-15 11:29:00
2241,7961,36.68,USD,2026-08-15 13:05:00
2242,2279,65.47,USD,2026-08-15 04:30:00
2243,9502,138.67,USD,2026-08-15 11:43:00
2244,9172,76.97,USD,2026-08-15 12:55:00
2245,9020,249.18,USD,2026-08-15 20:27:00
2246,3364,208.6,USD,2026-08-15 23:26:00
2247,3119,182.12,USD,2026-08-16 04:31:00
2248,2934,217.87,USD,2026-08-16 22:32:00
2249,1534,122.03,USD,2026-08-16 22:13:00
2250,7051,236.86,USD,2026-08-16 23:10:00
2251,2807,215.29,USD,2026-08-16 03:38:00
2252,1659,149.36,USD,2026-08-16 03:23:00
2253,5995,42.67,USD,2026-08-16 16:09:00
2254,1458,84.09,USD,2026-08-16 11:19:00
2255,7910,199.19,USD,2026-08-16 04:09:00
2256,5644,225.15,USD,2026-08-16 01:59:00
2257,9008,207.49,USD,2026-08-16 06:11:00
2258,2106,143.67,USD,2026-08-16 00:07:00
2259,6074,128.08,USD,2026-08-16 01:26:00
2260,7181,226.57,USD,2026-08-16 18:28:00
2261,3175,184.21,USD,2026-08-16 15:53:00
2262,8371,164.57,USD,2026-08-16 04:32:00
2263,6328,50.01,USD,2026-08-16 21:28:00
2264,7711,161.82,USD,2026-08-16 02:51:00
2265,6554,226.56,USD,2026-08-16 12:14:00
2266,8259,240.15,USD,2026-08-16 17:02:00
2267,3713,166.79,USD,2026-08-16 23:17:00
2268,6060,149.42,USD,2026-08-16 22:01:00
2269,2395,44.09,USD,2026-08-16 17:41:00
2270,1866,142.33,USD,2026-08-16 06:39:00
2271,8796,59.51,USD,2026-08-16 18:33:00
2272,9713,19.39,USD,2026-08-16 16:57:00
2273,4371,79.62,USD,2026-08-16 05:01:00
2274,8278,180.82,USD,2026-08-16 07:53:00
2275,6249,140.38,USD,2026-08-16 02:51:00
2276,1381,25.57,USD,2026-08-16 12:37:00
2277,1394,57.42,USD,2026-08-16 10:27:00
2278,2491,104.77,USD,2026-08-16 16:20:00
2279,5675,142.32,USD,2026-08-16 03:06:00
2280,2468,75.06,USD,2026-08-16 04:11:00
2281,3772,238.76,USD,2026-08-16 04:19:00
2282,3973,240.86,USD,2026-08-16 01:39:00
2283,7388,28.75,USD,2026-08-16 00:45:00
2284,6311,48.48,USD,2026-08-16 03:20:00
2285,2981,236.27,USD,2026-08-16 08:24:00
2286,4874,71.31,USD,2026-08-16 01:12:00
2287,7308,191.81,USD,2026-08-16 15:32:00
2288,8615,29.25,USD,2026-08-16 03:17:00
2289,1473,30.38,USD,2026-08-16 17:26:00
2290,1305,69.93,USD,2026-08-16 13:40:00
2291,2663,241.42,USD,2026-08-16 08:35:00
2292,3057,145.36,USD,2026-08-16 07:48:00
2293,2374,110.59,USD,2026-08-16 09:36:00
2294,3332,62.81,USD,2026-08-16 20:32:00
2295,5016,246.55,USD,2026-08-16 11:34:00
2296,8401,240.92,USD,2026-08-16 17:27:00
2297,5739,205.97,USD,2026-08-16 01:00:00
2298,8900,15.13,USD,2026-08-16 20:10:00
2299,7228,73.96,USD,2026-08-16 08:38:00
2300,9361,163.57,USD,2026-08-16 11:53:00
2301,9750,52.93,USD,2026-08-16 09:02:00
2302,7476,85.65,USD,2026-08-16 18:04:00
2303,5578,210.17,USD,2026-08-16 22:07:00
2304,6215,158.45,USD,2026-08-16 13:13:00
2305,8417,164.26,USD,2026-08-16 21:21:00
2306,6269,170.64,USD,2026-08-16 08:15:00
2307,6381,123.05,USD,2026-08-16 10:13:00
2308,1033,177.58,USD,2026-08-16 00:58:00
2309,1156,16.01,USD,2026-08-16 19:30:00
2310,9011,112.09,USD,2026-08-16 21:11:00
2311,2270,34.07,USD,2026-08-16 12:34:00
2312,8293,224.75,USD,2026-08-16 17:01:00
2313,7166,97.95,USD,2026-08-16 21:07:00
2314,1138,105.89,USD,2026-08-16 19:22:00
2315,4161,102.06,USD,2026-08-16 03:29:00
2316,1324,67.06,USD,2026-08-16 14:00:00
2317,6862,231.53,USD,2026-08-16 08:43:00
2318,5967,206.83,USD,2026-08-16 06:05:00
2319,9090,70.05,USD,2026-08-16 22:14:00
2320,4425,80.98,USD,2026-08-16 11:02:00
2321,7489,246.3,USD,2026-08-16 00:12:00
2322,9197,80.18,USD,2026-08-16 03:55:00
2323,3875,144.67,USD,2026-08-16 15:10:00
2324,2065,45.14,USD,2026-08-16 02:37:00
2325,4734,234.39,USD,2026-08-16 04:16:00
2326,4143,198.83,USD,2026-08-16 16:46:00
2327,9731,248.11,USD,2026-08-16 21:01:00
2328,8437,174.96,USD,2026-08-16 19:16:00
2329,1849,165.63,USD,2026-08-16 00:27:00
2330,7666,213.42,USD,2026-08-16 10:27:00
2331,8644,174.84,USD,2026-08-16 08:07:00
2332,1712,136.56,USD,2026-08-16 15:23:00
2333,7882,26.04,USD,2026-08-16 23:14:00
2334,7420,89.32,USD,2026-08-16 17:28:00
2335,1415,34.23,USD,2026-08-16 06:21:00
2336,7943,244.85,USD,2026-08-16 23:14:00
2337,3694,73.75,USD,2026-08-16 02:58:00
2338,2584,29.77,USD,2026-08-16 10:19:00
2339,1393,116.51,USD,2026-08-16 00:30:00
2340,6477,162.18,USD,2026-08-16 18:51:00
2341,4905,40.34,USD,2026-08-16 08:15:00
2342,6465,27.79,USD,2026-08-16 10:53:00
2343,2194,70.63,USD,2026-08-16 16:50:00
2344,2567,118.05,USD,2026-08-16 19:39:00
2345,2401,151.05,USD,2026-08-16 20:28:00
2346,6132,22.84,USD,2026-08-16 01:58:00
2347,2015,198.92,USD,2026-08-16 22:04:00
2348,8075,85.85,USD,2026-08-16 14:03:00
2349,1855,174.23,USD,2026-08-16 02:06:00
2350,2570,104.64,USD,2026-08-16 09:54:00
2351,1173,111.61,USD,2026-08-16 19:48:00
2352,8014,124.09,USD,2026-08-16 14:24:00
2353,1425,38.8,USD,2026-08-16 19:39:00
2354,4153,92.13,USD,2026-08-16 14:33:00
2355,2106,17.89,USD,2026-08-16 03:06:00
2356,3064,212.58,USD,2026-08-16 18:50:00
2357,7897,75.23,USD,2026-08-16 20:32:00
2358,4046,160.9,USD,2026-08-16 15:46:00
2359,1991,202.3,USD,2026-08-16 07:08:00
2360,9407,152.36,USD,2026-08-16 04:19:00
2361,9866,99.07,USD,2026-08-16 20:48:00
2362,6618,125.34,USD,2026-08-16 04:09:00
2363,9481,243.01,USD,2026-08-16 09:23:00
2364,1939,174.4,USD,2026-08-16 18:42:00
2365,1894,207.51,USD,2026-08-16 07:32:00
2366,4282,60.92,USD,2026-08-16 13:22:00
2367,2120,62.3,USD,2026-08-16 20:58:00
2368,8657,171.95,USD,2026-08-16 10:12:00
2369,6499,92.82,USD,2026-08-16 19:44:00
2370,3658,113.39,USD,2026-08-16 19:19:00
2371,1691,220.88,USD,2026-08-16 03:29:00
2372,4654,231.19,USD,2026-08-16 15:14:00
2373,4492,124.64,USD,2026-08-16 22:14:00
2374,6431,187.63,USD,2026-08-16 07:30:00
2375,4018,63.25,USD,2026-08-16 23:24:00
2376,6863,17.32,USD,2026-08-16 00:23:00
2377,5760,42.07,USD,2026-08-16 00:35:00
2378,6896,163.36,USD,2026-08-16 14:12:00
2379,5654,61.79,USD,2026-08-16 01:01:00
2380,3855,223.06,USD,2026-08-16 05:14:00
2381,3925,145.31,USD,2026-08-16 10:54:00
2382,5289,56.38,USD,2026-08-16 06:01:00
2383,3248,210.39,USD,2026-08-16 03:01:00
2384,2818,200.04,USD,2026-08-16 12:41:00
2385,8474,64.41,USD,2026-08-16 10:59:00
2386,3807,205.23,USD,2026-08-16 07:23:00
2387,8106,249.46,USD,2026-08-16 16:51:00
2388,3142,42.85,USD,2026-08-16 22:04:00
2389,7131,140.15,USD,2026-08-16 06:12:00
2390,5006,115.94,USD,2026-08-16 10:38:00
2391,4098,159.77,USD,2026-08-16 01:48:00
2392,6368,200.55,USD,2026-08-16 17:18:00
2393,5588,162.92,USD,2026-08-16 07:03:00
2394,9011,134.44,USD,2026-08-16 04:54:00
2395,8711,34.13,USD,2026-08-16 06:46:00
2396,9333,30.25,USD,2026-08-16 21:39:00
2397,9342,222.37,USD,2026-08-16 12:48:00
2398,6272,124.1,USD,2026-08-17 15:33:00
2399,8918,138.49,USD,2026-08-17 22:23:00
2400,7569,126.33,USD,2026-08-17 22:31:00
2401,1599,200.8,USD,2026-08-17 20:58:00
2402,8406,225.3,USD,2026-08-17 06:14:00
2403,7963,66.37,USD,2026-08-17 07:25:00
2404,7129,51.94,USD,2026-08-17 12:36:00
2405,2376,34.92,USD,2026-08-17 08:35:00
2406,4771,136.92,USD,2026-08-17 09:28:00
2407,6511,124.33,USD,2026-08-17 18:02:00
2408,7700,124.87,USD,2026-08-17 13:28:00
2409,5473,131.92,USD,2026-08-17 11:51:00
2410,4830,57.2,USD,2026-08-17 12:01:00
2411,2350,32.83,USD,2026-08-17 08:41:00
2412,9956,132.91,USD,2026-08-17 09:53:00
2413,4731,199.68,USD,2026-08-17 20:05:00
2414,1627,31.77,USD,2026-08-17 03:07:00
2415,6394,93.43,USD,2026-08-17 17:12:00
2416,5496,190.12,USD,2026-08-17 08:19:00
2417,3258,156.95,USD,2026-08-17 06:45:00
2418,5278,142.63,USD,2026-08-17 22:47:00
2419,6679,85.38,USD,2026-08-17 00:49:00
2420,1194,208.14,USD,2026-08-17 12:25:00
2421,3445,135.47,USD,2026-08-17 15:41:00
2422,4438,68.33,USD,2026-08-17 12:14:00
2423,8679,136.22,USD,2026-08-17 15:14:00
2424,2406,123.43,USD,2026-08-17 23:52:00
2425,7843,59.14,USD,2026-08-17 10:54:00
2426,1493,120.74,USD,2026-08-17 06:28:00
2427,3102,150.71,USD,2026-08-17 11:08:00
2428,6810,17.28,USD,2026-08-17 09:47:00
2429,7608,113.5,USD,2026-08-17 10:14:00
2430,1380,85.41,USD,2026-08-17 22:34:00
2431,3279,22.57,USD,2026-08-17 18:50:00
2432,7404,148.52,USD,2026-08-17 04:21:00
2433,2043,237.94,USD,2026-08-17 12:13:00
2434,2779,59.26,USD,2026-08-17 17:24:00
2435,5991,241.06,USD,2026-08-17 10:36:00
2436,3910,39.51,USD,2026-08-17 02:10:00
2437,9005,176.92,USD,2026-08-17 01:52:00
2438,7322,61.76,USD,2026-08-17 00:11:00
2439,9591,69.76,USD,2026-08-17 09:13:00
2440,9495,28.5,USD,2026-08-17 02:29:00
2441,7731,91.79,USD,2026-08-17 00:10:00
2442,3115,247.55,USD,2026-08-17 12:10:00
2443,2126,127.39,USD,2026-08-17 17:26:00
2444,3128,218.44,USD,2026-08-17 12:57:00
2445,8778,116.57,USD,2026-08-17 06:19:00
2446,6084,150.15,USD,2026-08-17 05:38:00
2447,8519,133.08,USD,2026-08-17 18:12:00
2448,3337,16.75,USD,2026-08-17 08:12:00
2449,5044,208.78,USD,2026-08-17 14:04:00
2450,9043,228.92,USD,2026-08-17 16:21:00
2451,2492,150.39,USD,2026-08-17 14:29:00
2452,8476,222.03,USD,2026-08-17 09:41:00
2453,5873,213.02,USD,2026-08-17 11:44:00
2454,3869,208.51,USD,2026-08-17 12:39:00
2455,8079,57.2,USD,2026-08-17 13:15:00
2456,4005,229.05,USD,2026-08-17 14:24:00
2457,1715,37.45,USD,2026-08-17 22:36:00
2458,5485,219.58,USD,2026-08-17 07:56:00
2459,2093,83.59,USD,2026-08-17 20:34:00
2460,4559,184.77,USD,2026-08-17 22:46:00
2461,2986,248.21,USD,2026-08-17 15:26:00
2462,9264,192.52,USD,2026-08-17 11:04:00
2463,5141,120.97,USD,2026-08-17 10:26:00
2464,1437,25.49,USD,2026-08-17 06:32:00
2465,8567,178.2,USD,2026-08-17 02:40:00
2466,4185,190.3,USD,2026-08-17 12:21:00
2467,2878,17.52,USD,2026-08-17 12:02:00
2468,8606,47.07,USD,2026-08-17 22:58:00
2469,9985,31.04,USD,2026-08-17 15:29:00
2470,8171,182.69,USD,2026-08-17 21:15:00
2471,3643,207.8,USD,2026-08-17 04:30:00
2472,2646,19.25,USD,2026-08-17 05:53:00
2473,7403,44.18,USD,2026-08-17 05:18:00
2474,1183,172.78,USD,2026-08-17 05:04:00
2475,6866,51.07,USD,2026-08-17 21:17:00
2476,9721,182.89,USD,2026-08-17 05:13:00
2477,9566,178.73,USD,2026-08-17 06:28:00
2478,2684,183.36,USD,2026-08-17 20:42:00
2479,1858,87.46,USD,2026-08-17 12:44:00
2480,7183,26.44,USD,2026-08-17 19:00:00
2481,4908,73.68,USD,2026-08-17 06:59:00
2482,1457,18.77,USD,2026-08-17 06:05:00
2483,2035,207.82,USD,2026-08-17 00:21:00
2484,3750,37.7,USD,2026-08-17 07:56:00
2485,9396,25.34,USD,2026-08-17 23:10:00
2486,4105,91.88,USD,2026-08-17 03:52:00
2487,7472,234.57,USD,2026-08-17 19:13:00
2488,2734,69.62,USD,2026-08-17 13:07:00
2489,7588,55.8,USD,2026-08-17 11:20:00
2490,4485,17.82,USD,2026-08-17 20:20:00
2491,5562,30.51,USD,2026-08-17 14:14:00
2492,2103,101.71,USD,2026-08-17 20:39:00
2493,9185,85.86,USD,2026-08-17 06:26:00
2494,3809,141.0,USD,2026-08-17 03:45:00
2495,7366,155.97,USD,2026-08-17 08:06:00
2496,3177,243.51,USD,2026-08-17 21:59:00
2497,6209,164.31,USD,2026-08-17 10:11:00
2498,1289,30.87,USD,2026-08-17 21:30:00
2499,7264,152.48,USD,2026-08-17 19:58:00
2500,9248,189.33,USD,2026-08-17 16:40:00
2501,4811,247.27,USD,2026-08-17 18:45:00
2502,3032,193.35,USD,2026-08-17 00:39:00
2503,4990,188.41,USD,2026-08-17 09:15:00
2504,7136,29.08,USD,2026-08-17 19:05:00
2505,7156,62.47,USD,2026-08-17 15:18:00
2506,8270,23.91,USD,2026-08-17 06:41:00
2507,5556,92.24,USD,2026-08-17 23:56:00
2508,1648,199.94,USD,2026-08-17 10:41:00
2509,5726,244.73,USD,2026-08-17 16:50:00
2510,6427,214.03,USD,2026-08-17 00:14:00
2511,1885,63.37,USD,2026-08-17 10:15:00
2512,4644,203.34,USD,2026-08-17 21:15:00
2513,6269,104.65,USD,2026-08-17 19:55:00
2514,2058,163.0,USD,2026-08-17 05:28:00
2515,1853,239.11,USD,2026-08-17 15:04:00
2516,3057,235.49,USD,2026-08-17 20:09:00
2517,4348,154.27,USD,2026-08-17 02:11:00
2518,8652,33.37,USD,2026-08-17 07:32:00
2519,5012,184.59,USD,2026-08-17 09:10:00
2520,5966,157.38,USD,2026-08-17 13:11:00
2521,4299,120.34,USD,2026-08-17 09:36:00
2522,2310,198.6,USD,2026-08-17 08:55:00
2523,8712,103.76,USD,2026-08-17 11:25:00
2524,8101,133.74,USD,2026-08-17 14:27:00
2525,8897,239.13,USD,2026-08-17 04:52:00
2526,2363,104.63,USD,2026-08-17 00:48:00
2527,3878,141.24,USD,2026-08-17 09:38:00
2528,8431,123.96,USD,2026-08-17 08:24:00
2529,8878,147.1,USD,2026-08-17 09:24:00
2530,8688,47.11,USD,2026-08-17 02:21:00
2531,1068,230.29,USD,2026-08-17 06:09:00
2532,7131,132.66,USD,2026-08-17 00:55:00
2533,7465,232.54,USD,2026-08-17 15:25:00
2534,6043,105.25,USD,2026-08-17 23:23:00
2535,1636,31.74,USD,2026-08-17 20:37:00
2536,3660,234.05,USD,2026-08-17 03:24:00
2537,5182,117.53,USD,2026-08-17 06:48:00
2538,9005,134.76,USD,2026-08-17 23:22:00
2539,1945,101.52,USD,2026-08-17 20:44:00
2540,5043,232.73,USD,2026-08-17 20:24:00
2541,6921,23.11,USD,2026-08-17 07:30:00
2542,3422,173.96,USD,2026-08-17 20:45:00
2543,3414,122.04,USD,2026-08-17 08:38:00
2544,3644,150.91,USD,2026-08-18 07:38:00
2545,7297,196.18,USD,2026-08-18 00:07:00
2546,2316,152.75,USD,2026-08-18 12:45:00
2547,7929,59.37,USD,2026-08-18 16:58:00
2548,5951,115.31,USD,2026-08-18 05:53:00
2549,7271,169.74,USD,2026-08-18 16:34:00
2550,2456,187.47,USD,2026-08-18 18:19:00
2551,6642,149.56,USD,2026-08-18 03:40:00
2552,7520,190.95,USD,2026-08-18 04:17:00
2553,3759,16.51,USD,2026-08-18 22:19:00
2554,7845,37.76,USD,2026-08-18 15:00:00
2555,8060,168.81,USD,2026-08-18 16:26:00
2556,3200,103.04,USD,2026-08-18 05:11:00
2557,2806,57.77,USD,2026-08-18 06:31:00
2558,4041,206.38,USD,2026-08-18 14:36:00
2559,4143,191.23,USD,2026-08-18 06:03:00
2560,8220,219.83,USD,2026-08-18 08:57:00
2561,3721,161.74,USD,2026-08-18 20:58:00
2562,3042,35.14,USD,2026-08-18 02:18:00
2563,4846,95.41,USD,2026-08-18 08:04:00
2564,2651,173.11,USD,2026-08-18 15:31:00
2565,1118,77.53,USD,2026-08-18 00:03:00
2566,1685,200.46,USD,2026-08-18 21:37:00
2567,1118,137.75,USD,2026-08-18 03:13:00
2568,5355,137.22,USD,2026-08-18 12:38:00
2569,8036,192.87,USD,2026-08-18 15:30:00
2570,6620,175.24,USD,2026-08-18 10:23:00
2571,6918,71.31,USD,2026-08-18 10:52:00
2572,1937,103.93,USD,2026-08-18 21:25:00
2573,2641,92.61,USD,2026-08-18 11:55:00
2574,7583,219.58,USD,2026-08-18 00:29:00
2575,3275,223.67,USD,2026-08-18 23:53:00
2576,9693,43.88,USD,2026-08-18 00:38:00
2577,5072,191.59,USD,2026-08-18 08:44:00
2578,8785,160.31,USD,2026-08-18 11:28:00
2579,1051,170.15,USD,2026-08-18 16:26:00
2580,6901,90.71,USD,2026-08-18 20:52:00
2581,8279,187.92,USD,2026-08-18 01:51:00
2582,2333,128.87,USD,2026-08-18 07:38:00
2583,8800,235.68,USD,2026-08-18 11:27:00
2584,2645,179.38,USD,2026-08-18 21:54:00
2585,4196,84.06,USD,2026-08-18 23:24:00
2586,9267,219.42,USD,2026-08-18 22:09:00
2587,2426,132.01,USD,2026-08-18 01:08:00
2588,9990,173.17,USD,2026-08-18 09:53:00
2589,2895,225.66,USD,2026-08-18 14:10:00
2590,4987,142.06,USD,2026-08-18 15:42:00
2591,2465,192.01,USD,2026-08-18 06:10:00
2592,1478,248.44,USD,2026-08-18 03:27:00
2593,7283,233.31,USD,2026-08-18 05:59:00
2594,8803,184.01,USD,2026-08-18 08:14:00
2595,9757,171.39,USD,2026-08-18 21:07:00
2596,6452,130.61,USD,2026-08-18 20:46:00
2597,2059,150.35,USD,2026-08-18 07:59:00
2598,7252,103.6,USD,2026-08-18 20:21:00
2599,8159,199.49,USD,2026-08-18 20:41:00
2600,5767,75.89,USD,2026-08-18 07:14:00
2601,4082,35.95,USD,2026-08-18 02:07:00
2602,3087,149.62,USD,2026-08-18 23:07:00
2603,1027,150.58,USD,2026-08-18 10:24:00
2604,4110,153.66,USD,2026-08-18 09:03:00
2605,6980,90.12,USD,2026-08-18 12:27:00
2606,9515,202.19,USD,2026-08-18 21:59:00
2607,2746,153.83,USD,2026-08-18 21:38:00
2608,8546,141.5,USD,2026-08-18 12:00:00
2609,5863,206.79,USD,2026-08-18 10:09:00
2610,3415,174.8,USD,2026-08-18 07:31:00
2611,1562,49.28,USD,2026-08-18 19:18:00
2612,3022,87.59,USD,2026-08-18 19:20:00
2613,8836,181.03,USD,2026-08-18 08:54:00
2614,5775,65.69,USD,2026-08-18 20:53:00
2615,6458,28.82,USD,2026-08-18 22:24:00
2616,4687,183.44,USD,2026-08-18 04:52:00
2617,3933,27.35,USD,2026-08-18 22:47:00
2618,3608,107.07,USD,2026-08-18 15:46:00
2619,7921,107.19,USD,2026-08-18 00:35:00
2620,7412,247.72,USD,2026-08-18 21:30:00
2621,5637,139.04,USD,2026-08-18 12:04:00
2622,9978,231.92,USD,2026-08-18 09:44:00
2623,1886,45.76,USD,2026-08-18 12:06:00
2624,3681,122.52,USD,2026-08-18 22:19:00
2625,8904,118.84,USD,2026-08-18 18:08:00
2626,4573,49.03,USD,2026-08-18 09:57:00
2627,1149,187.8,USD,2026-08-18 23:12:00
2628,2670,216.19,USD,2026-08-18 11:46:00
2629,3418,247.29,USD,2026-08-18 21:50:00
2630,3756,174.67,USD,2026-08-18 12:27:00
2631,8763,98.56,USD,2026-08-18 01:06:00
2632,9444,42.58,USD,2026-08-18 05:03:00
2633,3434,154.45,USD,2026-08-18 20:21:00
2634,1556,109.94,USD,2026-08-18 20:46:00
2635,5959,108.21,USD,2026-08-18 03:15:00
2636,7150,239.32,USD,2026-08-18 22:38:00
2637,2468,172.62,USD,2026-08-18 22:50:00
2638,7260,207.28,USD,2026-08-18 14:55:00
2639,7018,168.5,USD,2026-08-18 08:40:00
2640,2999,42.41,USD,2026-08-18 00:07:00
2641,9351,172.17,USD,2026-08-18 15:41:00
2642,8856,152.91,USD,2026-08-18 07:01:00
2643,3967,190.16,USD,2026-08-18 08:44:00
2644,8105,249.99,USD,2026-08-18 12:30:00
2645,6328,44.43,USD,2026-08-18 09:36:00
2646,9806,228.59,USD,2026-08-18 02:45:00
2647,1323,206.02,USD,2026-08-18 05:25:00
2648,9684,207.1,USD,2026-08-18 12:35:00
2649,9830,136.94,USD,2026-08-18 15:04:00
2650,3033,200.67,USD,2026-08-18 22:52:00
2651,3960,225.94,USD,2026-08-18 06:42:00
2652,8327,57.29,USD,2026-08-18 19:44:00
2653,4378,24.2,USD,2026-08-18 10:07:00
2654,5206,35.64,USD,2026-08-18 20:10:00
2655,9292,245.28,USD,2026-08-18 01:05:00
2656,3811,242.07,USD,2026-08-18 09:23:00
2657,5925,15.02,USD,2026-08-18 13:42:00
2658,5807,227.59,USD,2026-08-18 01:33:00
2659,9035,119.56,USD,2026-08-18 21:34:00
2660,6769,137.83,USD,2026-08-18 22:20:00
2661,2622,134.99,USD,2026-08-18 19:34:00
2662,1601,25.51,USD,2026-08-18 21:52:00
2663,4526,85.43,USD,2026-08-18 06:09:00
2664,6882,144.74,USD,2026-08-18 04:38:00
2665,7914,186.34,USD,2026-08-18 08:08:00
2666,7255,74.92,USD,2026-08-18 02:35:00
2667,8472,53.38,USD,2026-08-18 20:57:00
2668,3346,173.98,USD,2026-08-18 02:16:00
2669,5413,31.58,USD,2026-08-18 17:13:00
2670,7097,166.71,USD,2026-08-18 20:44:00
2671,9379,167.23,USD,2026-08-18 18:42:00
2672,3514,113.63,USD,2026-08-18 19:10:00
2673,1424,116.9,USD,2026-08-18 10:50:00
2674,3041,33.22,USD,2026-08-18 19:15:00
2675,7664,175.74,USD,2026-08-18 17:07:00
2676,6944,165.44,USD,2026-08-18 02:21:00
2677,4698,79.21,USD,2026-08-18 10:49:00
2678,4640,38.02,USD,2026-08-18 08:00:00
2679,3023,198.94,USD,2026-08-18 12:06:00
2680,6022,186.16,USD,2026-08-18 05:33:00
2681,2565,204.6,USD,2026-08-18 18:52:00
2682,5620,179.61,USD,2026-08-18 16:22:00
2683,1785,157.75,USD,2026-08-18 17:17:00
2684,7382,237.43,USD,2026-08-18 05:20:00
2685,9711,204.43,USD,2026-08-18 05:22:00
2686,7597,222.27,USD,2026-08-18 17:38:00
2687,9414,75.88,USD,2026-08-19 18:08:00
2688,3337,169.53,USD,2026-08-19 22:09:00
2689,1866,187.82,USD,2026-08-19 12:36:00
2690,5081,244.01,USD,2026-08-19 23:40:00
2691,8500,113.29,USD,2026-08-19 21:38:00
2692,8678,246.77,USD,2026-08-19 05:28:00
2693,8008,79.82,USD,2026-08-19 16:18:00
2694,4748,222.13,USD,2026-08-19 16:45:00
2695,6007,216.61,USD,2026-08-19 09:40:00
2696,2476,88.49,USD,2026-08-19 13:49:00
2697,4932,33.02,USD,2026-08-19 20:05:00
2698,2385,150.2,USD,2026-08-19 02:10:00
2699,9074,145.23,USD,2026-08-19 23:18:00
2700,3235,174.1,USD,2026-08-19 00:27:00
2701,9722,136.03,USD,2026-08-19 15:31:00
2702,4115,110.29,USD,2026-08-19 22:07:00
2703,9754,182.83,USD,2026-08-19 23:00:00
2704,9652,72.39,USD,2026-08-19 23:22:00
2705,8350,24.95,USD,2026-08-19 21:38:00
2706,9577,233.59,USD,2026-08-19 05:43:00
2707,3184,32.65,USD,2026-08-19 07:11:00
2708,7925,238.83,USD,2026-08-19 16:22:00
2709,2855,55.06,USD,2026-08-19 15:24:00
2710,9832,174.58,USD,2026-08-19 10:58:00
2711,5809,85.31,USD,2026-08-19 03:18:00
2712,7449,15.53,USD,2026-08-19 08:13:00
2713,9446,86.63,USD,2026-08-19 06:59:00
2714,8999,123.82,USD,2026-08-19 01:59:00
2715,8542,16.38,USD,2026-08-19 01:22:00
2716,1084,98.16,USD,2026-08-19 10:19:00
2717,7587,184.77,USD,2026-08-19 11:56:00
2718,9061,38.81,USD,2026-08-19 11:00:00
2719,3518,139.34,USD,2026-08-19 06:05:00
2720,1113,229.58,USD,2026-08-19 13:07:00
2721,4704,169.31,USD,2026-08-19 04:49:00
2722,6971,102.96,USD,2026-08-19 15:25:00
2723,5415,57.81,USD,2026-08-19 13:57:00
2724,8198,169.23,USD,2026-08-19 03:28:00
2725,8110,98.13,USD,2026-08-19 05:08:00
2726,4251,222.64,USD,2026-08-19 00:22:00
2727,3190,81.95,USD,2026-08-19 03:12:00
2728,1517,189.82,USD,2026-08-19 12:26:00
2729,8852,61.76,USD,2026-08-19 05:42:00
2730,9012,42.92,USD,2026-08-19 21:17:00
2731,3087,202.96,USD,2026-08-19 17:31:00
2732,7551,194.63,USD,2026-08-19 10:48:00
2733,7370,232.04,USD,2026-08-19 16:46:00
2734,1346,240.05,USD,2026-08-19 04:07:00
2735,1223,95.87,USD,2026-08-19 04:09:00
2736,6605,27.23,USD,2026-08-19 21:15:00
2737,8116,188.3,USD,2026-08-19 13:38:00
2738,2353,81.32,USD,2026-08-19 15:18:00
2739,9376,160.14,USD,2026-08-19 13:15:00
2740,2884,81.07,USD,2026-08-19 05:15:00
2741,8031,73.13,USD,2026-08-19 08:44:00
2742,2688,181.02,USD,2026-08-19 06:30:00
2743,3968,133.05,USD,2026-08-19 22:46:00
2744,3436,153.93,USD,2026-08-19 06:54:00
2745,1628,46.09,USD,2026-08-19 07:07:00
2746,7984,233.34,USD,2026-08-19 08:12:00
2747,1834,61.92,USD,2026-08-19 00:39:00
2748,4791,138.37,USD,2026-08-19 12:26:00
2749,2005,115.13,USD,2026-08-19 07:21:00
2750,5985,166.31,USD,2026-08-19 16:27:00
2751,6751,100.44,USD,2026-08-19 03:17:00
2752,1779,73.04,USD,2026-08-19 22:26:00
2753,6269,15.13,USD,2026-08-19 05:02:00
2754,2650,125.93,USD,2026-08-19 06:18:00
2755,9049,74.28,USD,2026-08-19 13:11:00
2756,2587,86.52,USD,2026-08-19 11:21:00
2757,3134,175.5,USD,2026-08-19 21:00:00
2758,6920,189.2,USD,2026-08-19 10:23:00
2759,7088,153.39,USD,2026-08-19 23:49:00
2760,7292,79.85,USD,2026-08-19 07:41:00
2761,2971,40.0,USD,2026-08-19 02:56:00
2762,4120,242.56,USD,2026-08-19 01:37:00
2763,2616,119.76,USD,2026-08-19 06:45:00
2764,5939,160.47,USD,2026-08-19 02:34:00
2765,4309,247.57,USD,2026-08-19 23:30:00
2766,3094,51.11,USD,2026-08-19 17:46:00
2767,5137,144.37,USD,2026-08-19 06:26:00
2768,8347,225.3,USD,2026-08-19 17:22:00
2769,8145,42.6,USD,2026-08-19 20:45:00
2770,9255,113.47,USD,2026-08-19 02:30:00
2771,3112,155.8,USD,2026-08-19 00:10:00
2772,1996,239.61,USD,2026-08-19 09:02:00
2773,7512,189.07,USD,2026-08-19 22:12:00
2774,9412,140.13,USD,2026-08-19 15:43:00
2775,9344,117.87,USD,2026-08-19 02:10:00
2776,7567,198.15,USD,2026-08-19 12:35:00
2777,1058,63.63,USD,2026-08-19 19:17:00
2778,1145,66.18,USD,2026-08-19 05:36:00
2779,9602,133.4,USD,2026-08-19 16:29:00
2780,5855,215.33,USD,2026-08-19 08:19:00
2781,3803,144.76,USD,2026-08-19 22:17:00
2782,5781,140.39,USD,2026-08-19 07:02:00
2783,5550,49.81,USD,2026-08-19 01:40:00
2784,1844,220.24,USD,2026-08-19 04:17:00
2785,4440,247.54,USD,2026-08-19 20:15:00
2786,6692,15.33,USD,2026-08-19 17:07:00
2787,6317,243.47,USD,2026-08-19 20:38:00
2788,5326,222.74,USD,2026-08-19 02:45:00
2789,5831,110.96,USD,2026-08-19 23:08:00
2790,1170,162.1,USD,2026-08-19 10:03:00
2791,5582,186.66,USD,2026-08-19 11:14:00
2792,9804,243.33,USD,2026-08-19 05:16:00
2793,2743,197.87,USD,2026-08-19 21:55:00
2794,5216,176.71,USD,2026-08-19 23:47:00
2795,4377,157.02,USD,2026-08-19 20:40:00
2796,4341,91.2,USD,2026-08-19 14:14:00
2797,7479,204.82,USD,2026-08-19 18:40:00
2798,8109,69.45,USD,2026-08-19 04:28:00
2799,2535,227.01,USD,2026-08-19 11:09:00
2800,3885,122.96,USD,2026-08-19 15:11:00
2801,3955,130.27,USD,2026-08-19 06:36:00
2802,3669,19.95,USD,2026-08-19 20:18:00
2803,4077,107.64,USD,2026-08-19 05:52:00
2804,5018,31.93,USD,2026-08-19 02:09:00
2805,7594,166.6,USD,2026-08-19 14:58:00
2806,1193,138.79,USD,2026-08-19 03:46:00
2807,1339,103.8,USD,2026-08-19 19:06:00
2808,1716,18.18,USD,2026-08-19 03:52:00
2809,5385,195.98,USD,2026-08-19 04:15:00
2810,1153,155.91,USD,2026-08-19 04:40:00
2811,6544,187.99,USD,2026-08-19 03:34:00
2812,8871,62.55,USD,2026-08-19 22:05:00
2813,3672,119.42,USD,2026-08-19 18:57:00
2814,4994,127.54,USD,2026-08-19 09:21:00
2815,9906,177.63,USD,2026-08-19 01:34:00
2816,2684,208.86,USD,2026-08-19 03:01:00
2817,7804,39.1,USD,2026-08-19 17:18:00
2818,1393,229.36,USD,2026-08-19 04:00:00
2819,6788,105.57,USD,2026-08-19 07:27:00
2820,7303,68.08,USD,2026-08-19 20:18:00
2821,2841,182.99,USD,2026-08-19 21:56:00
2822,4678,247.83,USD,2026-08-19 15:10:00
2823,6467,98.97,USD,2026-08-19 03:18:00
2824,2389,231.98,USD,2026-08-19 03:23:00
2825,8022,50.51,USD,2026-08-19 01:38:00
2826,7967,155.91,USD,2026-08-19 16:21:00
2827,5940,171.81,USD,2026-08-19 04:57:00
2828,2702,82.45,USD,2026-08-19 19:52:00
2829,7047,132.32,USD,2026-08-19 08:58:00
2830,2251,228.14,USD,2026-08-19 08:51:00
2831,3435,234.28,USD,2026-08-19 00:55:00
2832,7399,90.26,USD,2026-08-19 20:09:00
2833,8838,202.26,USD,2026-08-19 14:46:00
2834,5562,150.79,USD,2026-08-19 02:07:00
2835,3089,90.92,USD,2026-08-19 04:05:00
2836,6231,105.48,USD,2026-08-19 05:49:00
2837,7782,177.95,USD,2026-08-20 13:30:00
2838,3264,164.6,USD,2026-08-20 19:50:00
2839,7859,72.79,USD,2026-08-20 20:58:00
2840,9070,141.61,USD,2026-08-20 17:31:00
2841,7301,208.03,USD,2026-08-20 17:34:00
2842,9633,183.01,USD,2026-08-20 02:37:00
2843,4593,177.97,USD,2026-08-20 18:49:00
2844,1046,70.27,USD,2026-08-20 22:05:00
2845,8764,19.03,USD,2026-08-20 06:54:00
2846,6723,40.89,USD,2026-08-20 04:58:00
2847,3283,214.59,USD,2026-08-20 11:54:00
2848,7898,48.87,USD,2026-08-20 09:29:00
2849,1915,209.54,USD,2026-08-20 07:13:00
2850,3344,42.55,USD,2026-08-20 23:08:00
2851,7958,21.19,USD,2026-08-20 12:46:00
2852,2208,179.83,USD,2026-08-20 11:03:00
2853,3591,154.57,USD,2026-08-20 15:53:00
2854,2294,100.83,USD,2026-08-20 00:09:00
2855,7823,17.93,USD,2026-08-20 07:04:00
2856,3295,57.87,USD,2026-08-20 04:48:00
2857,5907,179.16,USD,2026-08-20 23:33:00
2858,8274,184.8,USD,2026-08-20 15:26:00
2859,2822,18.1,USD,2026-08-20 20:44:00
2860,1526,222.07,USD,2026-08-20 04:03:00
2861,3627,55.79,USD,2026-08-20 19:48:00
2862,8443,210.68,USD,2026-08-20 00:25:00
2863,9222,209.94,USD,2026-08-20 17:45:00
2864,3569,68.42,USD,2026-08-20 09:45:00
2865,3050,137.55,USD,2026-08-20 08:05:00
2866,1917,109.09,USD,2026-08-20 23:13:00
2867,2264,58.17,USD,2026-08-20 07:25:00
2868,7637,127.19,USD,2026-08-20 22:29:00
2869,7086,27.85,USD,2026-08-20 12:10:00
2870,2776,60.76,USD,2026-08-20 20:27:00
2871,6496,100.23,USD,2026-08-20 03:04:00
2872,9873,81.32,USD,2026-08-20 00:15:00
2873,1179,64.8,USD,2026-08-20 03:04:00
2874,1530,144.65,USD,2026-08-20 09:12:00
2875,1735,34.98,USD,2026-08-20 07:17:00
2876,1787,128.69,USD,2026-08-20 18:50:00
2877,1138,236.72,USD,2026-08-20 10:05:00
2878,7523,81.36,USD,2026-08-20 11:48:00
2879,7400,88.9,USD,2026-08-20 16:12:00
2880,2595,243.85,USD,2026-08-20 23:22:00
2881,9250,225.68,USD,2026-08-20 10:26:00
2882,3460,204.76,USD,2026-08-20 03:32:00
2883,8814,202.08,USD,2026-08-20 00:37:00
2884,5753,215.23,USD,2026-08-20 18:55:00
2885,2290,175.36,USD,2026-08-20 05:09:00
2886,4794,238.91,USD,2026-08-20 20:05:00
2887,3307,175.14,USD,2026-08-20 06:51:00
2888,9218,248.45,USD,2026-08-20 22:10:00
2889,9573,158.05,USD,2026-08-20 16:46:00
2890,6554,199.56,USD,2026-08-20 10:28:00
2891,8059,161.52,USD,2026-08-20 09:23:00
2892,7350,182.5,USD,2026-08-20 01:57:00
2893,2228,249.3,USD,2026-08-20 07:13:00
2894,9151,162.53,USD,2026-08-20 04:36:00
2895,6071,18.51,USD,2026-08-20 03:51:00
2896,2428,242.7,USD,2026-08-20 17:55:00
2897,3780,121.88,USD,2026-08-20 15:06:00
2898,6952,31.02,USD,2026-08-20 09:10:00
2899,8548,31.72,USD,2026-08-20 11:05:00
2900,8242,244.94,USD,2026-08-20 08:30:00
2901,3031,48.01,USD,2026-08-20 20:59:00
2902,5696,24.3,USD,2026-08-20 18:31:00
2903,3113,216.4,USD,2026-08-20 12:26:00
2904,6138,135.43,USD,2026-08-20 14:23:00
2905,9289,175.32,USD,2026-08-20 11:05:00
2906,1699,221.19,USD,2026-08-20 14:16:00
2907,5011,28.41,USD,2026-08-20 19:41:00
2908,3532,146.79,USD,2026-08-20 22:52:00
2909,7541,103.32,USD,2026-08-20 03:18:00
2910,8573,106.23,USD,2026-08-20 02:14:00
2911,8675,97.0,USD,2026-08-20 21:05:00
2912,8616,226.53,USD,2026-08-20 20:34:00
2913,2775,57.36,USD,2026-08-20 03:05:00
2914,7578,116.78,USD,2026-08-20 12:49:00
2915,8967,89.56,USD,2026-08-20 10:04:00
2916,2873,189.2,USD,2026-08-20 06:44:00
2917,3551,24.0,USD,2026-08-20 08:29:00
2918,6245,165.45,USD,2026-08-20 15:09:00
2919,7230,247.14,USD,2026-08-20 18:02:00
2920,8046,205.01,USD,2026-08-20 01:59:00
2921,1375,27.71,USD,2026-08-20 15:13:00
2922,3885,78.41,USD,2026-08-20 21:27:00
2923,7636,31.28,USD,2026-08-20 02:09:00
2924,8396,220.34,USD,2026-08-20 02:19:00
2925,5250,65.31,USD,2026-08-20 13:33:00
2926,8021,27.63,USD,2026-08-20 05:53:00
2927,4253,84.77,USD,2026-08-20 10:48:00
2928,9773,128.18,USD,2026-08-20 11:26:00
2929,8156,52.76,USD,2026-08-20 22:50:00
2930,7375,177.83,USD,2026-08-20 11:58:00
2931,4253,199.02,USD,2026-08-20 00:35:00
2932,3369,171.97,USD,2026-08-20 02:46:00
2933,6185,246.8,USD,2026-08-20 10:42:00
2934,3416,225.68,USD,2026-08-20 00:09:00
2935,7658,89.36,USD,2026-08-20 15:55:00
2936,8381,184.74,USD,2026-08-20 08:33:00
2937,2596,120.59,USD,2026-08-20 04:40:00
2938,4074,190.24,USD,2026-08-20 01:13:00
2939,3721,143.33,USD,2026-08-20 13:44:00
2940,4436,65.79,USD,2026-08-20 19:24:00
2941,1235,150.56,USD,2026-08-20 06:43:00
2942,5947,100.49,USD,2026-08-20 11:52:00
2943,3043,207.48,USD,2026-08-20 09:32:00
2944,8471,167.49,USD,2026-08-20 22:31:00
2945,9887,97.66,USD,2026-08-20 13:26:00
2946,6502,243.91,USD,2026-08-20 13:33:00
2947,8018,56.32,USD,2026-08-20 03:59:00
2948,3664,144.9,USD,2026-08-20 11:11:00
2949,8167,104.67,USD,2026-08-20 17:27:00
2950,2625,179.99,USD,2026-08-20 20:18:00
2951,2468,211.75,USD,2026-08-20 02:51:00
2952,7738,159.82,USD,2026-08-20 20:01:00
2953,9924,191.24,USD,2026-08-20 03:31:00
2954,1534,119.36,USD,2026-08-20 03:40:00
2955,4471,215.15,USD,2026-08-20 21:18:00
2956,7243,121.84,USD,2026-08-20 07:49:00
2957,3038,216.24,USD,2026-08-20 03:12:00
2958,7765,229.8,USD,2026-08-20 11:50:00
2959,7484,199.39,USD,2026-08-20 20:45:00
2960,9315,198.82,USD,2026-08-20 00:23:00
2961,5333,221.71,USD,2026-08-20 09:17:00
2962,7794,227.13,USD,2026-08-20 09:53:00
2963,7792,15.98,USD,2026-08-20 21:15:00
2964,7134,21.17,USD,2026-08-20 01:00:00
2965,6201,189.19,USD,2026-08-20 16:52:00
2966,8045,240.4,USD,2026-08-20 10:10:00
2967,4156,243.77,USD,2026-08-20 07:35:00
2968,1845,107.43,USD,2026-08-20 19:41:00
2969,7396,45.28,USD,2026-08-20 18:27:00
2970,6212,109.73,USD,2026-08-20 23:11:00
2971,2631,117.79,USD,2026-08-20 16:10:00
2972,2939,44.69,USD,2026-08-20 22:51:00
2973,5263,199.31,USD,2026-08-20 20:36:00
2974,4338,237.94,USD,2026-08-20 17:10:00
2975,1189,21.03,USD,2026-08-20 02:05:00
2976,1455,154.42,USD,2026-08-20 20:49:00
2977,2290,142.76,USD,2026-08-20 19:45:00
2978,3138,20.94,USD,2026-08-20 18:24:00
2979,6867,163.4,USD,2026-08-20 14:40:00
2980,4633,168.34,USD,2026-08-20 05:15:00
2981,5018,140.82,USD,2026-08-20 09:12:00
2982,7194,204.67,USD,2026-08-20 23:49:00
2983,2359,27.16,USD,2026-08-20 08:42:00
2984,2694,20.44,USD,2026-08-20 04:40:00
2985,3010,232.89,USD,2026-08-20 03:29:00
2986,3959,81.38,USD,2026-08-20 03:09:00
2987,4407,213.49,USD,2026-08-21 02:31:00
2988,1359,130.39,USD,2026-08-21 12:06:00
2989,2250,129.33,USD,2026-08-21 13:04:00
2990,6137,113.68,USD,2026-08-21 06:43:00
2991,3639,120.96,USD,2026-08-21 20:58:00
2992,3927,17.38,USD,2026-08-21 05:19:00
2993,1515,163.34,USD,2026-08-21 21:36:00
2994,8928,248.53,USD,2026-08-21 03:21:00
2995,3595,143.42,USD,2026-08-21 19:38:00
2996,2992,74.81,USD,2026-08-21 16:47:00
2997,1377,21.95,USD,2026-08-21 06:38:00
2998,4543,193.83,USD,2026-08-21 16:32:00
2999,1483,226.16,USD,2026-08-21 11:07:00
3000,3073,66.64,USD,2026-08-21 10:08:00
3001,2506,128.17,USD,2026-08-21 08:17:00
3002,5822,144.6,USD,2026-08-21 11:45:00
3003,8144,205.12,USD,2026-08-21 14:47:00
3004,5097,231.75,USD,2026-08-21 16:25:00
3005,5605,176.46,USD,2026-08-21 05:12:00
3006,6105,152.16,USD,2026-08-21 12:06:00
3007,8992,63.37,USD,2026-08-21 05:50:00
3008,5451,119.85,USD,2026-08-21 13:56:00
3009,7275,40.28,USD,2026-08-21 10:39:00
3010,7126,148.28,USD,2026-08-21 13:12:00
3011,3740,30.1,USD,2026-08-21 20:52:00
3012,7714,74.47,USD,2026-08-21 01:32:00
3013,9691,209.27,USD,2026-08-21 09:38:00
3014,3947,22.04,USD,2026-08-21 11:25:00
3015,6861,200.86,USD,2026-08-21 10:27:00
3016,7089,65.57,USD,2026-08-21 07:04:00
3017,3003,198.19,USD,2026-08-21 11:09:00
3018,6388,176.75,USD,2026-08-21 00:20:00
3019,6268,148.36,USD,2026-08-21 06:29:00
3020,5646,30.57,USD,2026-08-21 07:35:00
3021,2686,138.91,USD,2026-08-21 19:13:00
3022,2225,183.32,USD,2026-08-21 17:17:00
3023,8130,166.87,USD,2026-08-21 18:57:00
3024,4229,90.23,USD,2026-08-21 10:52:00
3025,1766,131.07,USD,2026-08-21 01:51:00
3026,8418,43.03,USD,2026-08-21 08:26:00
3027,7272,91.82,USD,2026-08-21 05:38:00
3028,1292,20.0,USD,2026-08-21 07:36:00
3029,1076,216.18,USD,2026-08-21 20:50:00
3030,7599,45.8,USD,2026-08-21 14:18:00
3031,9642,140.36,USD,2026-08-21 01:57:00
3032,2137,166.52,USD,2026-08-21 01:21:00
3033,7800,210.01,USD,2026-08-21 15:06:00
3034,6665,79.55,USD,2026-08-21 23:19:00
3035,6131,145.77,USD,2026-08-21 12:05:00
3036,5889,26.06,USD,2026-08-21 15:39:00
3037,2989,130.93,USD,2026-08-21 22:29:00
3038,4670,39.14,USD,2026-08-21 11:39:00
3039,2722,17.44,USD,2026-08-21 01:52:00
3040,8138,176.59,USD,2026-08-21 10:55:00
3041,7043,35.68,USD,2026-08-21 07:10:00
3042,1860,234.52,USD,2026-08-21 17:00:00
3043,2815,199.46,USD,2026-08-21 08:56:00
3044,6395,32.63,USD,2026-08-21 01:19:00
3045,7218,201.03,USD,2026-08-21 22:39:00
3046,3257,55.03,USD,2026-08-21 08:44:00
3047,6231,43.18,USD,2026-08-21 18:29:00
3048,7771,152.27,USD,2026-08-21 04:48:00
3049,9548,172.04,USD,2026-08-21 20:28:00
3050,9029,150.8,USD,2026-08-21 16:15:00
3051,8908,196.57,USD,2026-08-21 08:20:00
3052,5853,77.0,USD,2026-08-21 07:05:00
3053,4971,97.96,USD,2026-08-21 22:05:00
3054,4373,187.79,USD,2026-08-21 21:41:00
3055,9103,32.66,USD,2026-08-21 22:04:00
3056,4541,18.09,USD,2026-08-21 01:13:00
3057,8989,105.49,USD,2026-08-21 14:52:00
3058,9644,64.04,USD,2026-08-21 03:21:00
3059,6108,88.64,USD,2026-08-21 16:54:00
3060,9265,168.99,USD,2026-08-21 22:29:00
3061,6957,45.56,USD,2026-08-21 03:58:00
3062,9412,218.95,USD,2026-08-21 12:28:00
3063,2124,109.05,USD,2026-08-21 06:49:00
3064,6032,53.59,USD,2026-08-21 08:27:00
3065,8552,38.99,USD,2026-08-21 18:41:00
3066,1271,40.9,USD,2026-08-21 03:47:00
3067,8802,77.69,USD,2026-08-21 14:11:00
3068,5351,121.37,USD,2026-08-21 21:33:00
3069,6806,144.32,USD,2026-08-21 03:59:00
3070,9227,50.4,USD,2026-08-21 13:13:00
3071,8230,93.43,USD,2026-08-21 13:32:00
3072,7267,37.99,USD,2026-08-21 08:23:00
3073,5816,114.31,USD,2026-08-21 23:59:00
3074,5520,56.51,USD,2026-08-21 06:25:00
3075,8103,131.0,USD,2026-08-21 16:38:00
3076,5078,26.72,USD,2026-08-21 03:43:00
3077,1584,42.07,USD,2026-08-21 03:14:00
3078,9718,71.11,USD,2026-08-21 18:17:00
3079,7628,68.22,USD,2026-08-21 03:17:00
3080,5395,38.81,USD,2026-08-21 12:25:00
3081,4335,55.19,USD,2026-08-21 15:13:00
3082,5718,82.68,USD,2026-08-21 11:40:00
3083,9245,37.15,USD,2026-08-21 23:00:00
3084,6002,127.04,USD,2026-08-21 22:39:00
3085,2137,55.0,USD,2026-08-21 22:15:00
3086,8458,93.06,USD,2026-08-21 05:11:00
3087,8011,171.52,USD,2026-08-21 04:00:00
3088,5322,56.72,USD,2026-08-21 10:01:00
3089,1159,174.61,USD,2026-08-21 02:10:00
3090,1016,242.84,USD,2026-08-21 19:22:00
3091,2792,73.16,USD,2026-08-21 15:55:00
3092,5762,19.09,USD,2026-08-21 01:52:00
3093,3401,133.24,USD,2026-08-21 07:33:00
3094,6499,86.58,USD,2026-08-21 03:06:00
3095,9940,187.68,USD,2026-08-21 14:31:00
3096,6968,129.33,USD,2026-08-21 08:42:00
3097,5933,209.52,USD,2026-08-21 14:00:00
3098,8935,224.47,USD,2026-08-21 22:21:00
3099,1339,176.16,USD,2026-08-21 03:17:00
3100,3320,216.22,USD,2026-08-21 04:26:00
3101,8056,22.26,USD,2026-08-21 11:31:00
3102,4175,189.93,USD,2026-08-21 11:13:00
3103,5487,40.36,USD,2026-08-21 12:40:00
3104,8360,143.06,USD,2026-08-21 20:43:00
3105,6715,77.35,USD,2026-08-21 16:11:00
3106,5526,153.45,USD,2026-08-21 10:25:00
3107,9520,24.66,USD,2026-08-21 09:12:00
3108,3014,211.03,USD,2026-08-21 22:21:00
3109,6685,121.93,USD,2026-08-21 13:50:00
3110,9174,242.83,USD,2026-08-21 09:07:00
3111,3461,124.58,USD,2026-08-21 21:09:00
3112,3664,161.59,USD,2026-08-21 16:18:00
3113,5828,82.74,USD,2026-08-21 09:31:00
3114,5636,24.62,USD,2026-08-21 00:29:00
3115,6010,27.5,USD,2026-08-21 18:07:00
3116,1010,97.78,USD,2026-08-21 00:27:00
3117,5641,47.36,USD,2026-08-21 01:16:00
3118,3540,240.25,USD,2026-08-21 16:42:00
3119,4223,78.61,USD,2026-08-21 02:45:00
3120,5764,230.79,USD,2026-08-21 13:37:00
3121,6810,126.2,USD,2026-08-21 07:02:00
3122,7328,174.45,USD,2026-08-21 07:51:00
3123,2607,242.22,USD,2026-08-21 13:25:00
